-- phpMyAdmin SQL Dump
-- version 4.4.13.1deb1
-- http://www.phpmyadmin.net
--
-- Client :  localhost
-- Généré le :  Ven 13 Janvier 2017 à 19:50
-- Version du serveur :  5.6.31-0ubuntu0.15.10.1
-- Version de PHP :  5.6.11-1ubuntu3.4

SET SQL_MODE = "NO_AUTO_VALUE_ON_ZERO";
SET time_zone = "+00:00";


/*!40101 SET @OLD_CHARACTER_SET_CLIENT=@@CHARACTER_SET_CLIENT */;
/*!40101 SET @OLD_CHARACTER_SET_RESULTS=@@CHARACTER_SET_RESULTS */;
/*!40101 SET @OLD_COLLATION_CONNECTION=@@COLLATION_CONNECTION */;
/*!40101 SET NAMES utf8mb4 */;

--
-- Base de données :  `EzCharge`
--

-- --------------------------------------------------------

--
-- Structure de la table `contracts`
--

CREATE TABLE IF NOT EXISTS `contracts` (
  `id` int(11) NOT NULL,
  `type_id` int(11) NOT NULL,
  `start` date NOT NULL,
  `end` date NOT NULL,
  `user_id` int(11) NOT NULL,
  `remaining` int(11) NOT NULL,
  `plate` varchar(255) COLLATE utf8_unicode_ci NOT NULL,
  `created_at` date NOT NULL
) ENGINE=InnoDB AUTO_INCREMENT=55 DEFAULT CHARSET=utf8 COLLATE=utf8_unicode_ci;

--
-- Contenu de la table `contracts`
--

INSERT INTO `contracts` (`id`, `type_id`, `start`, `end`, `user_id`, `remaining`, `plate`, `created_at`) VALUES
(1, 1, '0000-00-00', '0000-00-00', 1, 8102, '88-QBN-66', '2016-08-02'),
(2, 1, '0000-00-00', '0000-00-00', 1, 3734, '63-OYM-37', '2016-08-12'),
(3, 1, '0000-00-00', '0000-00-00', 1, 6790, '10-YUM-79', '2016-08-10'),
(4, 1, '0000-00-00', '0000-00-00', 1, 4674, '20-JTN-27', '2016-10-09'),
(5, 2, '2016-07-25', '2017-02-03', 1, 0, '32-CDY-50', '2016-05-29'),
(6, 1, '0000-00-00', '0000-00-00', 1, 1970, '62-VUZ-88', '2016-07-23'),
(7, 1, '0000-00-00', '0000-00-00', 1, 9204, '27-BSX-49', '2016-08-26'),
(8, 1, '0000-00-00', '0000-00-00', 1, 3125, '15-YWZ-99', '2016-10-07'),
(9, 1, '0000-00-00', '0000-00-00', 1, 5597, '89-YXS-93', '2016-07-31'),
(10, 1, '0000-00-00', '0000-00-00', 2, 7003, '49-WTU-76', '2016-08-14'),
(11, 2, '2016-08-04', '2017-02-24', 3, 0, '66-KLV-94', '2016-06-09'),
(12, 1, '0000-00-00', '0000-00-00', 4, 9566, '27-VMC-62', '2016-07-20'),
(13, 2, '2016-09-07', '2017-02-04', 5, 0, '68-PHT-99', '2016-05-23'),
(14, 2, '2016-10-05', '2017-02-10', 6, 0, '85-RJY-65', '2016-05-18'),
(15, 1, '0000-00-00', '0000-00-00', 7, 2827, '43-EKX-36', '2016-09-02'),
(16, 2, '2016-09-16', '2017-02-28', 8, 0, '58-WUL-46', '2016-05-27'),
(17, 1, '0000-00-00', '0000-00-00', 9, 2019, '26-ZQG-95', '2016-10-11'),
(18, 2, '2016-09-04', '2017-04-12', 10, 0, '99-QVP-22', '2016-05-19'),
(19, 2, '2016-08-10', '2017-01-13', 11, 0, '27-QMB-33', '2016-05-23'),
(20, 1, '0000-00-00', '0000-00-00', 12, 2983, '93-XAD-61', '2016-08-04'),
(21, 2, '2016-07-17', '2017-01-11', 12, 0, '86-JTK-91', '2016-05-24'),
(22, 1, '0000-00-00', '0000-00-00', 12, 3757, '28-LML-48', '2016-07-15'),
(23, 2, '2016-09-13', '2017-04-12', 12, 0, '32-SRE-30', '2016-06-12'),
(24, 2, '2016-07-16', '2016-12-18', 12, 0, '15-JVK-19', '2016-05-15'),
(25, 1, '0000-00-00', '0000-00-00', 13, 5505, '99-EMF-19', '2016-09-01'),
(26, 2, '2016-10-11', '2016-12-20', 14, 0, '42-CLZ-47', '2016-05-18'),
(27, 2, '2016-09-23', '2017-02-15', 15, 0, '29-MGT-84', '2016-05-19'),
(28, 2, '2016-10-07', '2017-01-29', 16, 0, '24-FTK-74', '2016-05-21'),
(29, 2, '2016-08-11', '2016-12-20', 17, 0, '54-VMF-92', '2016-06-11'),
(30, 2, '2016-08-19', '2017-03-08', 18, 0, '25-PSB-37', '2016-05-23'),
(31, 1, '0000-00-00', '0000-00-00', 19, 8337, '41-VDC-28', '2016-10-02'),
(32, 1, '0000-00-00', '0000-00-00', 19, 7899, '41-JDI-94', '2016-08-14'),
(33, 1, '0000-00-00', '0000-00-00', 19, 1031, '25-ZJS-11', '2016-07-16'),
(34, 1, '0000-00-00', '0000-00-00', 19, 1724, '38-NMY-36', '2016-08-17'),
(35, 1, '0000-00-00', '0000-00-00', 19, 4526, '88-VCZ-77', '2016-07-18'),
(36, 2, '2016-08-03', '2017-02-08', 19, 0, '26-NLE-76', '2016-06-09'),
(37, 1, '0000-00-00', '0000-00-00', 19, 8488, '94-BDJ-20', '2016-07-26'),
(38, 1, '0000-00-00', '0000-00-00', 19, 1726, '93-UDZ-29', '2016-09-23'),
(39, 2, '2016-09-21', '2017-01-20', 19, 0, '72-CXX-65', '2016-05-21'),
(40, 1, '0000-00-00', '0000-00-00', 20, 6156, '55-JMA-42', '2016-10-09'),
(41, 1, '0000-00-00', '0000-00-00', 21, 2092, '70-FIM-55', '2016-10-03'),
(42, 1, '0000-00-00', '0000-00-00', 22, 9730, '42-WXP-31', '2016-10-09'),
(43, 1, '0000-00-00', '0000-00-00', 23, 8914, '61-NNY-10', '2016-10-08'),
(44, 2, '2016-08-10', '2017-02-05', 24, 0, '37-AVP-33', '2016-05-22'),
(45, 2, '2016-08-01', '2016-12-17', 25, 0, '61-ZXG-15', '2016-05-14'),
(46, 1, '0000-00-00', '0000-00-00', 26, 1294, '96-CIZ-44', '2016-07-15'),
(47, 1, '0000-00-00', '0000-00-00', 27, 9462, '55-PGI-28', '2016-08-03'),
(48, 1, '0000-00-00', '0000-00-00', 28, 9290, '98-HUI-87', '2016-08-04'),
(49, 2, '2016-08-25', '2017-04-11', 29, 0, '69-SWS-33', '2016-06-09'),
(50, 2, '2016-10-10', '2017-04-07', 30, 0, '95-JOG-21', '2016-06-03'),
(51, 1, '0000-00-00', '0000-00-00', 30, 7063, '51-WXL-48', '2016-08-14'),
(52, 2, '2016-10-01', '2017-03-25', 30, 0, '42-KCM-87', '2016-05-20'),
(53, 2, '2016-09-27', '2017-03-07', 30, 0, '70-NLN-59', '2016-05-31'),
(54, 2, '2016-09-16', '2017-02-12', 30, 0, '99-JOF-77', '2016-06-11');

-- --------------------------------------------------------

--
-- Structure de la table `station`
--

CREATE TABLE IF NOT EXISTS `station` (
  `id` int(11) NOT NULL,
  `name` varchar(255) COLLATE utf8_unicode_ci NOT NULL,
  `lat` varchar(255) COLLATE utf8_unicode_ci NOT NULL,
  `lon` varchar(255) COLLATE utf8_unicode_ci NOT NULL
) ENGINE=InnoDB AUTO_INCREMENT=201 DEFAULT CHARSET=utf8 COLLATE=utf8_unicode_ci;

--
-- Contenu de la table `station`
--

INSERT INTO `station` (`id`, `name`, `lat`, `lon`) VALUES
(1, 'neque', '44.8535', '0.15804'),
(2, 'tempora', '47.2961', '2.98145'),
(3, 'animi', '47.9179', '3.1386'),
(4, 'quaerat', '44.28686', '0.5999'),
(5, 'quidem', '45.34677', '0.12117'),
(6, 'consequatur', '44.6034', '4.77416'),
(7, 'quaerat', '45.77271', '0.07715'),
(8, 'id', '45.28486', '2.2583'),
(9, 'aut', '46.90575', '2.40561'),
(10, 'quae', '46.73261', '5.5434'),
(11, 'ducimus', '45.78172', '1.30471'),
(12, 'quod', '46.02559', '0.26076'),
(13, 'similique', '45.807', '0.91901'),
(14, 'optio', '46.37289', '4.33292'),
(15, 'voluptate', '46.28469', '2.65609'),
(16, 'itaque', '47.62084', '5.58267'),
(17, 'rerum', '44.88487', '4.89203'),
(18, 'expedita', '47.94452', '1.73675'),
(19, 'voluptatum', '47.58583', '0.83178'),
(20, 'nihil', '44.03229', '3.82075'),
(21, 'sit', '47.71955', '2.2442'),
(22, 'odio', '45.24931', '3.10133'),
(23, 'non', '46.99217', '2.2543'),
(24, 'porro', '45.90348', '2.81808'),
(25, 'soluta', '44.47906', '5.29057'),
(26, 'porro', '44.67942', '5.40983'),
(27, 'ut', '45.40696', '3.95998'),
(28, 'sed', '45.801', '4.68058'),
(29, 'qui', '46.63868', '1.89951'),
(30, 'velit', '45.14866', '1.14048'),
(31, 'dolorum', '44.22721', '0.46429'),
(32, 'asperiores', '45.84236', '2.00901'),
(33, 'similique', '44.25989', '1.85358'),
(34, 'rerum', '44.48365', '1.53784'),
(35, 'illo', '44.93998', '0.86945'),
(36, 'dolores', '47.63575', '4.55589'),
(37, 'autem', '46.4209', '0.14614'),
(38, 'iste', '46.04972', '1.13526'),
(39, 'in', '44.72695', '2.92156'),
(40, 'quia', '44.74427', '3.24859'),
(41, 'at', '44.39479', '1.79583'),
(42, 'repellat', '44.77273', '3.84924'),
(43, 'quae', '47.67555', '1.34093'),
(44, 'accusantium', '45.56279', '3.35477'),
(45, 'earum', '47.55383', '1.07911'),
(46, 'sit', '44.78892', '1.63858'),
(47, 'doloribus', '46.92496', '4.25732'),
(48, 'a', '44.26147', '0.53887'),
(49, 'sint', '46.22939', '2.58198'),
(50, 'rem', '47.47187', '3.36021'),
(51, 'distinctio', '44.56493', '1.71089'),
(52, 'iusto', '47.36359', '4.51846'),
(53, 'qui', '45.09678', '3.28752'),
(54, 'est', '47.2924', '1.42476'),
(55, 'dolore', '46.46813', '2.12699'),
(56, 'numquam', '47.71199', '2.06106'),
(57, 'dolor', '47.72136', '4.44987'),
(58, 'velit', '47.76808', '0.59951'),
(59, 'cupiditate', '47.60374', '1.08032'),
(60, 'libero', '44.41612', '1.92284'),
(61, 'temporibus', '44.81182', '0.24091'),
(62, 'quasi', '44.50427', '2.79558'),
(63, 'eum', '46.96435', '2.51911'),
(64, 'nihil', '47.50597', '1.60305'),
(65, 'consectetur', '47.42585', '4.04144'),
(66, 'eaque', '45.02847', '2.05345'),
(67, 'quaerat', '47.49234', '1.61783'),
(68, 'laboriosam', '44.46011', '3.0479'),
(69, 'tenetur', '46.09028', '1.41595'),
(70, 'laboriosam', '44.70694', '0.61039'),
(71, 'placeat', '45.51611', '1.1167'),
(72, 'asperiores', '47.46514', '1.43148'),
(73, 'temporibus', '44.86297', '0.23847'),
(74, 'ut', '47.30727', '0.66803'),
(75, 'laborum', '45.74963', '4.18228'),
(76, 'quasi', '47.50909', '2.08715'),
(77, 'alias', '44.98155', '0.11835'),
(78, 'dignissimos', '46.85499', '4.77259'),
(79, 'dignissimos', '46.26334', '3.80908'),
(80, 'id', '44.62907', '2.0588'),
(81, 'voluptatem', '47.37583', '0.49902'),
(82, 'laboriosam', '46.57807', '3.16692'),
(83, 'tenetur', '44.19231', '2.50825'),
(84, 'aliquam', '45.04991', '3.92063'),
(85, 'delectus', '44.77878', '0.71725'),
(86, 'impedit', '47.20868', '3.1346'),
(87, 'aliquid', '45.54841', '0.73011'),
(88, 'facere', '46.95472', '1.8238'),
(89, 'velit', '46.56075', '1.61409'),
(90, 'molestiae', '47.48569', '1.50103'),
(91, 'velit', '45.90538', '2.70758'),
(92, 'iusto', '44.91523', '1.8951'),
(93, 'et', '45.13266', '3.39458'),
(94, 'voluptatem', '46.69036', '1.43159'),
(95, 'inventore', '47.26225', '1.60335'),
(96, 'ipsa', '45.83377', '2.30253'),
(97, 'quis', '44.42709', '2.07549'),
(98, 'reprehenderit', '45.61291', '5.34117'),
(99, 'quos', '46.2952', '3.74754'),
(100, 'et', '46.63969', '2.69423'),
(101, 'maiores', '45.56366', '3.25224'),
(102, 'adipisci', '46.48409', '3.76481'),
(103, 'blanditiis', '47.60257', '2.8078'),
(104, 'voluptate', '47.47914', '3.87202'),
(105, 'reiciendis', '45.91517', '1.50733'),
(106, 'illo', '46.63394', '1.97947'),
(107, 'sed', '46.27952', '5.32469'),
(108, 'amet', '45.52118', '1.36743'),
(109, 'non', '47.11914', '0.68569'),
(110, 'sint', '45.06494', '3.21906'),
(111, 'a', '46.10193', '2.00552'),
(112, 'ea', '46.99837', '3.35208'),
(113, 'quo', '47.82011', '2.86495'),
(114, 'repellendus', '46.81372', '0.1429'),
(115, 'ea', '45.24059', '5.58635'),
(116, 'maxime', '47.29433', '4.45629'),
(117, 'voluptatem', '44.21141', '0.34573'),
(118, 'quibusdam', '44.47925', '3.30892'),
(119, 'eaque', '46.38342', '1.73829'),
(120, 'sed', '47.5702', '2.02391'),
(121, 'quo', '45.13608', '4.12456'),
(122, 'praesentium', '44.54712', '3.39889'),
(123, 'dignissimos', '45.36793', '1.6846'),
(124, 'vel', '47.9272', '2.24485'),
(125, 'qui', '45.69974', '2.03216'),
(126, 'ut', '44.47915', '3.26669'),
(127, 'corrupti', '46.76773', '5.58797'),
(128, 'et', '45.00892', '5.09396'),
(129, 'possimus', '44.4335', '0.48758'),
(130, 'et', '46.27229', '5.06606'),
(131, 'cum', '45.67477', '5.30252'),
(132, 'dignissimos', '44.03124', '5.38521'),
(133, 'eum', '45.10003', '1.15263'),
(134, 'quis', '47.90925', '3.09749'),
(135, 'possimus', '45.29481', '3.03843'),
(136, 'aut', '47.42027', '5.51508'),
(137, 'eveniet', '44.35', '1.33194'),
(138, 'sint', '45.07719', '2.86088'),
(139, 'nobis', '44.26581', '0.121'),
(140, 'consectetur', '47.22493', '5.49604'),
(141, 'ut', '46.07226', '1.64993'),
(142, 'deleniti', '45.92346', '1.60317'),
(143, 'suscipit', '47.709', '4.83229'),
(144, 'et', '47.35477', '1.64344'),
(145, 'optio', '45.75184', '0.06086'),
(146, 'error', '45.15288', '3.13263'),
(147, 'nisi', '47.45144', '5.54813'),
(148, 'sit', '47.99233', '0.34299'),
(149, 'molestias', '47.99518', '3.3515'),
(150, 'optio', '46.61585', '1.17226'),
(151, 'dolorem', '44.63318', '0.03594'),
(152, 'in', '46.25306', '5.59229'),
(153, 'excepturi', '47.47509', '3.11162'),
(154, 'non', '46.60139', '3.01631'),
(155, 'rem', '46.63444', '2.54789'),
(156, 'nostrum', '44.15623', '1.02924'),
(157, 'aut', '45.16657', '2.26226'),
(158, 'nesciunt', '47.69974', '4.1495'),
(159, 'omnis', '47.50719', '1.33213'),
(160, 'iure', '45.78016', '2.38967'),
(161, 'accusantium', '46.83793', '2.34049'),
(162, 'aut', '45.83525', '0.5624'),
(163, 'quo', '45.99985', '3.67969'),
(164, 'voluptatibus', '45.35434', '5.49245'),
(165, 'illo', '46.61499', '3.50504'),
(166, 'facere', '47.16412', '2.97465'),
(167, 'dolore', '46.64079', '0.04031'),
(168, 'nesciunt', '46.44446', '0.10602'),
(169, 'quia', '47.39303', '3.15016'),
(170, 'et', '44.50287', '4.8217'),
(171, 'ea', '44.03995', '-0.03728'),
(172, 'velit', '46.20927', '1.23083'),
(173, 'accusantium', '44.45251', '1.49534'),
(174, 'dignissimos', '45.58648', '2.25647'),
(175, 'blanditiis', '44.99503', '5.5243'),
(176, 'facilis', '44.11133', '5.32509'),
(177, 'tempore', '45.78365', '2.90131'),
(178, 'quas', '46.9', '3.49836'),
(179, 'et', '47.07911', '1.77287'),
(180, 'odit', '45.72017', '1.67821'),
(181, 'porro', '47.67011', '3.05398'),
(182, 'aut', '46.88373', '0.69436'),
(183, 'voluptate', '47.73541', '0.66357'),
(184, 'repellat', '44.75579', '0.78454'),
(185, 'explicabo', '44.41758', '1.81968'),
(186, 'aut', '46.54038', '2.83594'),
(187, 'qui', '47.14024', '0.35646'),
(188, 'blanditiis', '46.58665', '0.73276'),
(189, 'earum', '46.47716', '4.00947'),
(190, 'beatae', '46.69071', '2.54631'),
(191, 'aliquam', '45.23057', '5.06018'),
(192, 'praesentium', '44.77607', '2.86977'),
(193, 'enim', '44.79591', '2.84016'),
(194, 'ut', '44.57157', '3.54439'),
(195, 'eos', '46.70854', '2.41688'),
(196, 'aliquid', '47.48111', '5.23428'),
(197, 'quo', '47.73525', '2.72537'),
(198, 'libero', '47.46616', '5.19138'),
(199, 'id', '46.54105', '0.62086'),
(200, 'dolor', '44.9433', '2.09329');

-- --------------------------------------------------------

--
-- Structure de la table `terminal`
--

CREATE TABLE IF NOT EXISTS `terminal` (
  `id` int(11) NOT NULL,
  `power` int(11) NOT NULL,
  `station_id` int(11) NOT NULL
) ENGINE=InnoDB AUTO_INCREMENT=598 DEFAULT CHARSET=utf8;

--
-- Contenu de la table `terminal`
--

INSERT INTO `terminal` (`id`, `power`, `station_id`) VALUES
(1, 3, 1),
(2, 3, 1),
(3, 3, 1),
(4, 24, 1),
(5, 3, 2),
(6, 24, 2),
(7, 3, 2),
(8, 50, 2),
(9, 3, 3),
(10, 3, 3),
(11, 3, 4),
(12, 24, 4),
(13, 3, 5),
(14, 50, 5),
(15, 24, 5),
(16, 50, 6),
(17, 3, 6),
(18, 24, 6),
(19, 24, 6),
(20, 3, 7),
(21, 24, 7),
(22, 50, 7),
(23, 24, 8),
(24, 50, 8),
(25, 24, 8),
(26, 3, 9),
(27, 24, 9),
(28, 50, 9),
(29, 3, 9),
(30, 50, 10),
(31, 24, 10),
(32, 3, 11),
(33, 3, 11),
(34, 3, 11),
(35, 3, 11),
(36, 50, 12),
(37, 50, 12),
(38, 24, 12),
(39, 50, 12),
(40, 50, 13),
(41, 24, 13),
(42, 50, 14),
(43, 50, 14),
(44, 50, 15),
(45, 24, 15),
(46, 3, 16),
(47, 3, 16),
(48, 50, 17),
(49, 24, 17),
(50, 24, 18),
(51, 24, 18),
(52, 24, 19),
(53, 3, 19),
(54, 3, 19),
(55, 24, 20),
(56, 3, 20),
(57, 50, 21),
(58, 3, 21),
(59, 24, 22),
(60, 50, 22),
(61, 24, 22),
(62, 3, 23),
(63, 24, 23),
(64, 50, 24),
(65, 24, 24),
(66, 50, 24),
(67, 24, 24),
(68, 50, 25),
(69, 3, 25),
(70, 3, 26),
(71, 24, 26),
(72, 3, 27),
(73, 24, 27),
(74, 24, 28),
(75, 24, 28),
(76, 3, 28),
(77, 3, 29),
(78, 3, 29),
(79, 3, 30),
(80, 3, 30),
(81, 50, 30),
(82, 24, 31),
(83, 3, 31),
(84, 3, 31),
(85, 50, 32),
(86, 3, 32),
(87, 24, 33),
(88, 3, 33),
(89, 50, 33),
(90, 24, 34),
(91, 24, 34),
(92, 50, 35),
(93, 24, 35),
(94, 24, 35),
(95, 50, 36),
(96, 24, 36),
(97, 3, 37),
(98, 50, 37),
(99, 50, 37),
(100, 3, 38),
(101, 3, 38),
(102, 50, 38),
(103, 50, 39),
(104, 24, 39),
(105, 50, 39),
(106, 24, 40),
(107, 3, 40),
(108, 50, 40),
(109, 50, 40),
(110, 50, 41),
(111, 50, 41),
(112, 50, 42),
(113, 24, 42),
(114, 24, 42),
(115, 50, 42),
(116, 50, 43),
(117, 24, 43),
(118, 3, 43),
(119, 3, 44),
(120, 3, 44),
(121, 24, 44),
(122, 3, 44),
(123, 24, 45),
(124, 24, 45),
(125, 50, 46),
(126, 24, 46),
(127, 50, 46),
(128, 24, 46),
(129, 50, 47),
(130, 50, 47),
(131, 50, 47),
(132, 24, 47),
(133, 3, 48),
(134, 3, 48),
(135, 24, 48),
(136, 50, 49),
(137, 50, 49),
(138, 3, 49),
(139, 3, 49),
(140, 24, 50),
(141, 24, 50),
(142, 24, 50),
(143, 50, 50),
(144, 3, 51),
(145, 3, 51),
(146, 50, 52),
(147, 50, 52),
(148, 3, 52),
(149, 3, 52),
(150, 24, 53),
(151, 24, 53),
(152, 24, 53),
(153, 24, 53),
(154, 3, 54),
(155, 50, 54),
(156, 3, 54),
(157, 24, 54),
(158, 24, 55),
(159, 3, 55),
(160, 3, 55),
(161, 24, 55),
(162, 3, 56),
(163, 24, 56),
(164, 3, 56),
(165, 24, 56),
(166, 3, 57),
(167, 24, 57),
(168, 50, 58),
(169, 50, 58),
(170, 24, 59),
(171, 3, 59),
(172, 24, 59),
(173, 3, 60),
(174, 50, 60),
(175, 50, 60),
(176, 24, 61),
(177, 3, 61),
(178, 50, 62),
(179, 3, 62),
(180, 24, 62),
(181, 24, 63),
(182, 50, 63),
(183, 50, 63),
(184, 24, 64),
(185, 24, 64),
(186, 50, 64),
(187, 50, 65),
(188, 50, 65),
(189, 50, 65),
(190, 50, 66),
(191, 3, 66),
(192, 50, 66),
(193, 50, 67),
(194, 50, 67),
(195, 3, 67),
(196, 50, 68),
(197, 3, 68),
(198, 3, 68),
(199, 3, 68),
(200, 3, 69),
(201, 50, 69),
(202, 24, 70),
(203, 3, 70),
(204, 50, 70),
(205, 24, 71),
(206, 50, 71),
(207, 24, 72),
(208, 24, 72),
(209, 50, 72),
(210, 24, 72),
(211, 24, 73),
(212, 50, 73),
(213, 24, 73),
(214, 3, 74),
(215, 50, 74),
(216, 3, 75),
(217, 3, 75),
(218, 3, 76),
(219, 50, 76),
(220, 24, 76),
(221, 3, 76),
(222, 3, 77),
(223, 3, 77),
(224, 3, 77),
(225, 50, 78),
(226, 24, 78),
(227, 3, 79),
(228, 24, 79),
(229, 3, 80),
(230, 50, 80),
(231, 50, 81),
(232, 24, 81),
(233, 50, 81),
(234, 50, 81),
(235, 50, 82),
(236, 50, 82),
(237, 50, 82),
(238, 3, 82),
(239, 3, 83),
(240, 3, 83),
(241, 50, 83),
(242, 3, 84),
(243, 3, 84),
(244, 50, 84),
(245, 50, 85),
(246, 50, 85),
(247, 50, 85),
(248, 24, 86),
(249, 24, 86),
(250, 3, 86),
(251, 24, 87),
(252, 3, 87),
(253, 3, 87),
(254, 3, 88),
(255, 50, 88),
(256, 24, 89),
(257, 24, 89),
(258, 24, 89),
(259, 3, 90),
(260, 50, 90),
(261, 3, 90),
(262, 24, 90),
(263, 24, 91),
(264, 3, 91),
(265, 3, 91),
(266, 3, 91),
(267, 3, 92),
(268, 50, 92),
(269, 24, 92),
(270, 3, 93),
(271, 24, 93),
(272, 3, 93),
(273, 50, 94),
(274, 24, 94),
(275, 50, 94),
(276, 3, 94),
(277, 3, 95),
(278, 3, 95),
(279, 50, 95),
(280, 24, 96),
(281, 24, 96),
(282, 3, 96),
(283, 24, 96),
(284, 50, 97),
(285, 3, 97),
(286, 3, 98),
(287, 50, 98),
(288, 24, 98),
(289, 24, 98),
(290, 3, 99),
(291, 50, 99),
(292, 3, 99),
(293, 24, 99),
(294, 3, 100),
(295, 3, 100),
(296, 3, 100),
(297, 24, 101),
(298, 3, 101),
(299, 50, 101),
(300, 50, 101),
(301, 50, 102),
(302, 3, 102),
(303, 50, 103),
(304, 24, 103),
(305, 50, 103),
(306, 3, 104),
(307, 3, 104),
(308, 3, 104),
(309, 50, 105),
(310, 24, 105),
(311, 24, 105),
(312, 24, 105),
(313, 3, 106),
(314, 24, 106),
(315, 24, 107),
(316, 24, 107),
(317, 3, 107),
(318, 50, 108),
(319, 3, 108),
(320, 24, 109),
(321, 24, 109),
(322, 3, 109),
(323, 24, 109),
(324, 3, 110),
(325, 24, 110),
(326, 50, 110),
(327, 24, 110),
(328, 3, 111),
(329, 24, 111),
(330, 50, 111),
(331, 24, 112),
(332, 24, 112),
(333, 24, 113),
(334, 3, 113),
(335, 3, 114),
(336, 50, 114),
(337, 50, 115),
(338, 50, 115),
(339, 3, 115),
(340, 3, 115),
(341, 50, 116),
(342, 3, 116),
(343, 50, 116),
(344, 3, 117),
(345, 50, 117),
(346, 50, 117),
(347, 24, 118),
(348, 24, 118),
(349, 3, 118),
(350, 50, 118),
(351, 3, 119),
(352, 50, 119),
(353, 24, 119),
(354, 24, 119),
(355, 50, 120),
(356, 50, 120),
(357, 3, 121),
(358, 24, 121),
(359, 24, 121),
(360, 50, 122),
(361, 3, 122),
(362, 24, 122),
(363, 24, 122),
(364, 3, 123),
(365, 50, 123),
(366, 50, 123),
(367, 50, 124),
(368, 24, 124),
(369, 3, 124),
(370, 24, 124),
(371, 50, 125),
(372, 24, 125),
(373, 3, 125),
(374, 3, 126),
(375, 24, 126),
(376, 50, 126),
(377, 3, 127),
(378, 50, 127),
(379, 3, 128),
(380, 50, 128),
(381, 24, 129),
(382, 50, 129),
(383, 24, 130),
(384, 24, 130),
(385, 3, 131),
(386, 24, 131),
(387, 50, 132),
(388, 50, 132),
(389, 24, 133),
(390, 50, 133),
(391, 50, 134),
(392, 24, 134),
(393, 3, 134),
(394, 50, 135),
(395, 50, 135),
(396, 3, 135),
(397, 24, 136),
(398, 3, 136),
(399, 50, 137),
(400, 50, 137),
(401, 24, 138),
(402, 50, 138),
(403, 3, 138),
(404, 24, 138),
(405, 24, 139),
(406, 24, 139),
(407, 3, 140),
(408, 24, 140),
(409, 50, 140),
(410, 3, 140),
(411, 24, 141),
(412, 24, 141),
(413, 24, 141),
(414, 50, 142),
(415, 24, 142),
(416, 24, 142),
(417, 50, 142),
(418, 50, 143),
(419, 3, 143),
(420, 3, 143),
(421, 24, 143),
(422, 3, 144),
(423, 24, 144),
(424, 3, 144),
(425, 24, 145),
(426, 3, 145),
(427, 3, 145),
(428, 24, 146),
(429, 24, 146),
(430, 50, 147),
(431, 50, 147),
(432, 50, 147),
(433, 50, 147),
(434, 24, 148),
(435, 24, 148),
(436, 24, 148),
(437, 50, 148),
(438, 3, 149),
(439, 50, 149),
(440, 50, 150),
(441, 24, 150),
(442, 3, 150),
(443, 24, 150),
(444, 50, 151),
(445, 3, 151),
(446, 24, 151),
(447, 24, 152),
(448, 3, 152),
(449, 3, 152),
(450, 3, 153),
(451, 50, 153),
(452, 50, 153),
(453, 3, 153),
(454, 24, 154),
(455, 3, 154),
(456, 3, 154),
(457, 24, 154),
(458, 50, 155),
(459, 24, 155),
(460, 3, 155),
(461, 3, 155),
(462, 24, 156),
(463, 50, 156),
(464, 50, 156),
(465, 24, 156),
(466, 3, 157),
(467, 3, 157),
(468, 50, 157),
(469, 3, 158),
(470, 24, 158),
(471, 50, 158),
(472, 3, 159),
(473, 3, 159),
(474, 3, 159),
(475, 50, 160),
(476, 50, 160),
(477, 3, 160),
(478, 50, 161),
(479, 50, 161),
(480, 3, 162),
(481, 50, 162),
(482, 24, 163),
(483, 3, 163),
(484, 3, 164),
(485, 24, 164),
(486, 3, 164),
(487, 24, 165),
(488, 50, 165),
(489, 24, 165),
(490, 24, 166),
(491, 50, 166),
(492, 50, 166),
(493, 24, 167),
(494, 24, 167),
(495, 50, 167),
(496, 3, 168),
(497, 3, 168),
(498, 24, 168),
(499, 3, 168),
(500, 3, 169),
(501, 24, 169),
(502, 50, 169),
(503, 3, 170),
(504, 3, 170),
(505, 3, 170),
(506, 50, 171),
(507, 24, 171),
(508, 3, 172),
(509, 50, 172),
(510, 24, 173),
(511, 50, 173),
(512, 3, 173),
(513, 3, 174),
(514, 24, 174),
(515, 50, 174),
(516, 50, 174),
(517, 50, 175),
(518, 3, 175),
(519, 3, 175),
(520, 3, 176),
(521, 50, 176),
(522, 50, 176),
(523, 24, 177),
(524, 24, 177),
(525, 3, 177),
(526, 24, 177),
(527, 24, 178),
(528, 3, 178),
(529, 3, 179),
(530, 3, 179),
(531, 24, 180),
(532, 24, 180),
(533, 3, 180),
(534, 50, 181),
(535, 24, 181),
(536, 24, 181),
(537, 50, 182),
(538, 50, 182),
(539, 24, 182),
(540, 24, 182),
(541, 24, 183),
(542, 50, 183),
(543, 50, 183),
(544, 50, 183),
(545, 50, 184),
(546, 24, 184),
(547, 50, 184),
(548, 50, 185),
(549, 24, 185),
(550, 24, 186),
(551, 3, 186),
(552, 24, 186),
(553, 3, 186),
(554, 50, 187),
(555, 50, 187),
(556, 24, 187),
(557, 50, 187),
(558, 3, 188),
(559, 24, 188),
(560, 24, 188),
(561, 24, 188),
(562, 50, 189),
(563, 50, 189),
(564, 3, 190),
(565, 3, 190),
(566, 3, 190),
(567, 50, 190),
(568, 50, 191),
(569, 50, 191),
(570, 24, 191),
(571, 24, 192),
(572, 50, 192),
(573, 24, 192),
(574, 3, 193),
(575, 3, 193),
(576, 50, 193),
(577, 3, 193),
(578, 24, 194),
(579, 50, 194),
(580, 24, 194),
(581, 3, 195),
(582, 24, 195),
(583, 24, 195),
(584, 3, 196),
(585, 50, 196),
(586, 50, 196),
(587, 50, 197),
(588, 50, 197),
(589, 50, 197),
(590, 24, 198),
(591, 3, 198),
(592, 50, 199),
(593, 24, 199),
(594, 50, 200),
(595, 24, 200),
(596, 24, 200),
(597, 24, 200);

-- --------------------------------------------------------

--
-- Structure de la table `users`
--

CREATE TABLE IF NOT EXISTS `users` (
  `id` int(11) NOT NULL,
  `lastname` varchar(255) CHARACTER SET utf8 COLLATE utf8_unicode_ci NOT NULL,
  `firstname` varchar(255) CHARACTER SET utf8 COLLATE utf8_unicode_ci NOT NULL,
  `city` varchar(255) CHARACTER SET utf8 COLLATE utf8_unicode_ci NOT NULL,
  `postal_code` varchar(255) CHARACTER SET utf8 COLLATE utf8_unicode_ci NOT NULL,
  `password` varchar(255) CHARACTER SET utf8 COLLATE utf8_unicode_ci NOT NULL,
  `login` varchar(255) CHARACTER SET utf8 COLLATE utf8_unicode_ci NOT NULL,
  `phone` varchar(255) CHARACTER SET utf8 COLLATE utf8_unicode_ci NOT NULL,
  `mail` varchar(255) CHARACTER SET utf8 COLLATE utf8_unicode_ci NOT NULL,
  `is_admin` tinyint(1) NOT NULL,
  `connection_number` int(11) NOT NULL
) ENGINE=InnoDB AUTO_INCREMENT=41 DEFAULT CHARSET=utf8;

--
-- Contenu de la table `users`
--

INSERT INTO `users` (`id`, `lastname`, `firstname`, `city`, `postal_code`, `password`, `login`, `phone`, `mail`, `is_admin`, `connection_number`) VALUES
(1, 'Nicolas', 'Nath', 'Le Goff', '26025', '9bee7af673fbaf5dd0cdae6fd39521eef9745687', 'colette07', '05 33 68 26 05', 'dominique.moreno@simon.com', 0, 0),
(2, 'Boulay', 'Alexandrie', 'Maurice', '00897', '3bd53aa85d54a861a1548c7601c2ea0f43a4157a', 'helene58', '+33 3 79 85 86 22', 'gguibert@ferrand.net', 0, 0),
(3, 'Leclerc', 'Théophile', 'Chauveau', '58702', 'fa33988727d7f572be002b845e65858e68bb92e9', 'vpons', '0574242866', 'bernier.david@blanchard.org', 0, 0),
(4, 'Barre', 'Gilles', 'Marin-sur-Bourdon', '45900', 'ccfc65a407175f6ec15a762245cef5bdf28e3073', 'susan26', '0629609679', 'oceane18@laposte.net', 0, 0),
(5, 'Garnier', 'Laurence', 'Merle', '18003', 'd0e22df5b52f9fad10e407e6cef36430e6cac206', 'rpires', '0297262121', 'chartier.alain@sfr.fr', 0, 0),
(6, 'Fabre', 'Valérie', 'Boyer', '47049', '68cf3877bb4c5201c8a013851c1d7301b7816896', 'tristan64', '+33 9 22 09 80 80', 'edouard.pascal@yahoo.fr', 0, 0),
(7, 'Bruneau', 'Émile', 'Legerdan', '04985', '6f3883022f352b8379ec57ce80a88e7ade1d8fe1', 'isaac98', '+33 (0)9 83 41 70 28', 'lbertin@collet.fr', 0, 0),
(8, 'Roger', 'Théodore', 'Delmas-sur-Mer', '89815', '5d539b42baf75bbfc7850c210f3a1cc4cb33dc58', 'astrid04', '0408804386', 'alphonse18@hotmail.fr', 0, 0),
(9, 'Delahaye', 'Simone', 'Leclerc-les-Bains', '45526', '37fabd07d97d40dbd9dc29bd01ce75cf072d7ded', 'matthieu03', '+33 (0)4 57 60 05 95', 'lopez.julie@pinto.net', 0, 0),
(10, 'Clerc', 'Alix', 'Cordiernec', '53467', '883b80b9752505022eb5678e7d7324d9bf96c9a3', 'roger.emile', '+33 (0)6 24 37 11 79', 'petit.eugene@sfr.fr', 0, 0),
(11, 'Rodriguez', 'Nicole', 'Hernandez', '32424', '1c0a0bb8e2e0d0f0363570ff27a4a905c9a2b6b0', 'zacharie47', '+33 7 33 84 74 36', 'bchretien@begue.com', 0, 0),
(12, 'Pons', 'Noël', 'Gautier-sur-Clerc', '84856', 'ed7519468b49a76ebc51f5600f027c605597b41c', 'remy.perrier', '0557767657', 'gilles.laurence@wanadoo.fr', 0, 0),
(13, 'Daniel', 'Manon', 'Lebrun-sur-Charpentier', '69577', 'baaaa8f5936379ac34596271e8ac4f21b42ba585', 'gtexier', '01 49 01 44 59', 'ecarre@thierry.org', 0, 0),
(14, 'Paul', 'Yves', 'Renault', '47345', '91a2a4a7e3041b294e4576c9ddf61c46cf114e4d', 'antoine.ollivier', '+33 5 44 30 95 78', 'fgirard@masse.org', 0, 0),
(15, 'Bouvet', 'Anastasie', 'Salmon', '49801', '5d6f91e08493211649e73f8e4c45194a8528c590', 'grondin.celine', '0696501800', 'marc47@texier.fr', 0, 0),
(16, 'Muller', 'Gilbert', 'Thibault', '67206', '8e19d341c99f002bcb3cc09c06e3398420f29277', 'philippe.robin', '0117456168', 'dacosta.margot@foucher.com', 0, 0),
(17, 'Gallet', 'Hélène', 'Guillou-sur-Pinto', '41316', 'b6f645f796048a40fcb0f120373dbb2712f298c6', 'andre74', '+33 5 89 78 38 29', 'foucher.lucy@tele2.fr', 0, 0),
(18, 'Lesage', 'Théodore', 'GrondinBourg', '24314', '04c7c383662a0037a20a3ae896d59d5c64565c8a', 'sabine.olivier', '0540375974', 'jerome72@nicolas.net', 0, 0),
(19, 'Vallee', 'Corinne', 'Leblanc', '26940', '7110eda4d09e062aa5e4a390b0a572ac0d2c0220', 'blondel', '0597963594', 'coste.laurence@bruneau.fr', 0, 0),
(20, 'Potier', 'Alexandrie', 'Petitjean-les-Bains', '35951', 'cc197dedbd9abf95a82743b6d9e48ff44f7f1fba', 'xlucas', '0319209376', 'ledoux.michelle@bouygtel.fr', 0, 0),
(21, 'Renard', 'Isabelle', 'Gosselin-la-Forêt', '83812', 'bfaa1ffd2bc76d400ac050a9be037c2b5114018d', 'marie.francois', '08 67 13 99 48', 'guy.denis@free.fr', 0, 0),
(22, 'Gerard', 'Pénélope', 'Garcia', '99101', 'ff33a8f10515011cba0d191ae58f7f9a4dd7a3e1', 'ollivier.valerie', '02 47 98 34 33', 'lucas.paul@blin.net', 0, 0),
(23, 'Perrin', 'David', 'Richard-sur-Barthelemy', '11507', '96feefe13f5d0b9316647556f8c02c3bacad1582', 'roche.lucie', '+33 (0)9 91 29 74 40', 'morin.raymond@ifrance.com', 0, 0),
(24, 'Dufour', 'Honoré', 'Gimenez', '44504', 'b3ad32a369754ee7acf23c5370ccf5b401604a78', 'danielle.bruneau', '+33 (0)8 17 99 46 53', 'lecoq.dominique@marie.net', 0, 0),
(25, 'Thomas', 'Bernadette', 'Legrand-sur-Mer', '03555', '2e6f7cec101464171ebd06503c2a50d6aa5b1e4c', 'thomas.suzanne', '+33 8 46 29 41 27', 'ybouvier@free.fr', 0, 0),
(26, 'Deschamps', 'Yves', 'JoubertVille', '53872', 'bc786e95a0e11c478615ec1c93df71f3fe6da439', 'cordier.marine', '+33 2 11 64 84 32', 'upaul@ifrance.com', 0, 0),
(27, 'Grenier', 'Noël', 'Dupre-la-Forêt', '54293', '7dc50e041da6ce0487210b26e432811b86562e38', 'sauvage.valerie', '+33 9 70 79 25 36', 'laurence.antoine@roy.fr', 0, 0),
(28, 'Lesage', 'Gabriel', 'Royer', '64997', 'e73aec43aad5e460523701e4419ec45d05360501', 'lorraine13', '0895600615', 'robert.timothee@hotmail.fr', 0, 0),
(29, 'Carlier', 'Henriette', 'Letelliernec', '66056', '98d9c7b897f0ba6053aafccf34aed421223d16cb', 'esimon', '04 35 65 24 89', 'denis.leroux@dasilva.com', 0, 0),
(30, 'Colas', 'Arnaude', 'Dumont', '74695', '7110eda4d09e062aa5e4a390b0a572ac0d2c0220', 'theodore83', '05 54 97 45 88', 'barre.capucine@mahe.com', 0, 0),
(31, 'Joubert', 'Bernard', '', '', '7110eda4d09e062aa5e4a390b0a572ac0d2c0220', 'kmorin', '', '', 1, 2),
(32, 'Huet', 'Monique', '', '', '7110eda4d09e062aa5e4a390b0a572ac0d2c0220', 'jules.rodriguez', '', '', 1, 2),
(33, 'Begue', 'Roland', '', '', 'ff9bb9f4c63520a6d11f97c33b576438879f887f', 'rremy', '', '', 1, 2),
(34, 'Guibert', 'Marine', '', '', '7110eda4d09e062aa5e4a390b0a572ac0d2c0220', 'xmartel', '', '', 1, 2),
(35, 'Joubert', 'Jacques', '', '', 'a3435c37dd23c9c37f72ebddf5ef32420aa37a14', 'aime44', '', '', 1, 2),
(36, 'Pottier', 'Anaïs', '', '', 'a71150a488de70a5ec94323f7b2566b9bd63c16e', 'denis74', '', '', 1, 2),
(37, 'Laporte', 'Pierre', '', '', '0dd8e2fe2969e0722430655502c0c0607a5b30be', 'philippe62', '', '', 1, 2),
(38, 'Valentin', 'Lorraine', '', '', 'c87faead7af09a9f53da77a75c816b920163aeec', 'rene96', '', '', 1, 2),
(39, 'Leveque', 'Hélène', '', '', 'e01c5f8e4bd2f4ffa54c32896489ce697f5a2b25', 'perez.nicolas', '', '', 1, 2),
(40, 'Lagarde', 'Aimé', '', '', 'afbebe5f5afca9b5f2460bc54e431a84eb8fc797', 'alice94', '', '', 1, 2);

-- --------------------------------------------------------

--
-- Structure de la table `user_terminal`
--

CREATE TABLE IF NOT EXISTS `user_terminal` (
  `id` int(11) NOT NULL,
  `terminal_id` int(11) NOT NULL,
  `total_power` int(11) NOT NULL,
  `contract_id` int(11) NOT NULL,
  `date` date NOT NULL,
  `time` time NOT NULL
) ENGINE=InnoDB AUTO_INCREMENT=1608 DEFAULT CHARSET=utf8 COLLATE=utf8_unicode_ci;

--
-- Contenu de la table `user_terminal`
--

INSERT INTO `user_terminal` (`id`, `terminal_id`, `total_power`, `contract_id`, `date`, `time`) VALUES
(1, 301, 32, 1, '2016-12-15', '06:12:00'),
(2, 450, 293, 1, '2016-12-06', '20:12:04'),
(3, 540, 119, 1, '2017-01-12', '02:01:06'),
(4, 227, 155, 1, '2016-11-21', '00:11:04'),
(5, 456, 147, 1, '2016-12-29', '12:12:35'),
(6, 354, 16, 1, '2016-12-23', '07:12:54'),
(7, 178, 239, 1, '2016-12-05', '01:12:19'),
(8, 151, 125, 1, '2017-01-12', '12:01:10'),
(9, 464, 165, 1, '2016-12-12', '01:12:25'),
(10, 150, 276, 1, '2016-12-04', '04:12:16'),
(11, 268, 174, 1, '2016-11-29', '07:11:54'),
(12, 564, 273, 1, '2016-12-20', '09:12:13'),
(13, 355, 119, 1, '2016-12-29', '05:12:36'),
(14, 143, 87, 1, '2017-01-11', '19:01:23'),
(15, 43, 74, 1, '2016-11-23', '16:11:55'),
(16, 173, 84, 1, '2016-12-11', '13:12:31'),
(17, 136, 178, 1, '2016-12-24', '20:12:37'),
(18, 565, 24, 1, '2016-11-18', '21:11:11'),
(19, 322, 49, 1, '2016-12-12', '20:12:23'),
(20, 382, 38, 2, '2016-11-27', '02:11:56'),
(21, 205, 180, 2, '2016-11-16', '04:11:43'),
(22, 216, 61, 2, '2016-11-30', '22:11:46'),
(23, 253, 86, 2, '2016-12-17', '01:12:37'),
(24, 422, 278, 2, '2016-12-31', '03:12:11'),
(25, 517, 106, 2, '2017-01-12', '06:01:49'),
(26, 551, 34, 2, '2017-01-10', '11:01:34'),
(27, 189, 48, 2, '2016-12-06', '09:12:51'),
(28, 119, 52, 2, '2016-11-20', '15:11:56'),
(29, 256, 176, 2, '2016-12-15', '19:12:52'),
(30, 475, 235, 2, '2016-12-30', '11:12:01'),
(31, 431, 147, 2, '2017-01-05', '16:01:37'),
(32, 6, 279, 2, '2016-12-19', '14:12:12'),
(33, 313, 25, 2, '2016-11-28', '20:11:55'),
(34, 232, 101, 2, '2016-12-09', '11:12:20'),
(35, 240, 218, 2, '2017-01-12', '13:01:41'),
(36, 179, 19, 2, '2016-12-02', '18:12:58'),
(37, 118, 226, 2, '2016-12-20', '06:12:23'),
(38, 1, 202, 2, '2016-12-27', '03:12:55'),
(39, 347, 190, 2, '2016-12-14', '12:12:34'),
(40, 566, 216, 2, '2016-11-15', '10:11:18'),
(41, 469, 141, 2, '2016-12-03', '19:12:16'),
(42, 343, 262, 2, '2016-12-30', '04:12:37'),
(43, 278, 169, 3, '2016-12-06', '04:12:37'),
(44, 160, 273, 3, '2016-12-31', '18:12:01'),
(45, 547, 124, 3, '2016-11-30', '21:11:15'),
(46, 544, 102, 3, '2016-12-21', '02:12:52'),
(47, 419, 77, 3, '2016-12-24', '02:12:34'),
(48, 374, 192, 3, '2016-12-04', '16:12:27'),
(49, 552, 222, 3, '2016-11-15', '07:11:44'),
(50, 553, 118, 3, '2016-12-30', '13:12:03'),
(51, 222, 180, 3, '2017-01-07', '00:01:03'),
(52, 98, 169, 3, '2016-12-01', '04:12:23'),
(53, 293, 34, 3, '2016-12-26', '00:12:51'),
(54, 516, 188, 3, '2016-11-29', '21:11:42'),
(55, 110, 115, 3, '2016-12-14', '16:12:47'),
(56, 219, 290, 3, '2016-12-12', '22:12:06'),
(57, 380, 288, 3, '2017-01-13', '13:01:16'),
(58, 301, 244, 3, '2017-01-09', '20:01:18'),
(59, 424, 40, 3, '2016-12-26', '04:12:01'),
(60, 291, 234, 3, '2016-12-27', '20:12:44'),
(61, 51, 192, 3, '2017-01-03', '04:01:19'),
(62, 508, 126, 3, '2016-11-18', '07:11:19'),
(63, 14, 239, 3, '2017-01-06', '04:01:31'),
(64, 307, 149, 3, '2016-12-14', '01:12:44'),
(65, 504, 285, 3, '2016-11-21', '23:11:44'),
(66, 316, 138, 3, '2016-12-14', '18:12:20'),
(67, 587, 73, 3, '2017-01-13', '10:01:10'),
(68, 175, 211, 3, '2016-12-05', '04:12:58'),
(69, 181, 148, 3, '2016-12-02', '02:12:26'),
(70, 496, 57, 3, '2016-12-09', '23:12:35'),
(71, 565, 12, 4, '2016-11-29', '11:11:17'),
(72, 424, 259, 4, '2016-11-19', '03:11:26'),
(73, 204, 218, 4, '2016-11-30', '14:11:02'),
(74, 478, 108, 4, '2016-12-04', '14:12:24'),
(75, 110, 225, 4, '2016-12-01', '08:12:04'),
(76, 455, 181, 4, '2016-12-03', '13:12:28'),
(77, 59, 202, 4, '2016-11-23', '14:11:35'),
(78, 301, 216, 4, '2016-12-28', '18:12:21'),
(79, 141, 167, 4, '2017-01-11', '14:01:28'),
(80, 310, 219, 4, '2016-11-27', '05:11:07'),
(81, 6, 279, 4, '2016-11-16', '20:11:02'),
(82, 137, 298, 4, '2017-01-07', '10:01:00'),
(83, 491, 59, 4, '2016-12-27', '08:12:44'),
(84, 172, 218, 4, '2016-12-31', '06:12:44'),
(85, 94, 17, 4, '2016-12-06', '21:12:04'),
(86, 12, 24, 4, '2017-01-10', '20:01:14'),
(87, 536, 41, 4, '2017-01-10', '07:01:25'),
(88, 489, 222, 4, '2016-12-04', '22:12:57'),
(89, 38, 81, 4, '2016-12-10', '18:12:28'),
(90, 584, 190, 4, '2016-11-16', '01:11:18'),
(91, 122, 83, 4, '2016-12-21', '16:12:23'),
(92, 541, 225, 4, '2016-12-19', '02:12:48'),
(93, 267, 99, 4, '2016-12-16', '11:12:44'),
(94, 501, 130, 4, '2016-12-12', '10:12:16'),
(95, 75, 208, 4, '2016-12-15', '08:12:37'),
(96, 363, 115, 4, '2016-12-26', '11:12:23'),
(97, 208, 51, 4, '2016-12-09', '00:12:47'),
(98, 180, 253, 4, '2017-01-03', '13:01:13'),
(99, 329, 60, 4, '2016-12-17', '02:12:18'),
(100, 112, 181, 4, '2016-11-28', '17:11:09'),
(101, 377, 216, 4, '2016-12-24', '19:12:10'),
(102, 483, 71, 4, '2016-11-28', '09:11:58'),
(103, 559, 164, 4, '2016-12-22', '18:12:29'),
(104, 458, 192, 4, '2016-11-19', '16:11:22'),
(105, 146, 300, 4, '2017-01-11', '11:01:41'),
(106, 447, 55, 5, '2016-12-17', '08:12:43'),
(107, 334, 280, 5, '2016-12-18', '16:12:50'),
(108, 365, 181, 5, '2016-12-27', '13:12:09'),
(109, 564, 209, 5, '2016-12-19', '06:12:33'),
(110, 490, 75, 5, '2016-11-25', '01:11:53'),
(111, 33, 96, 5, '2016-12-02', '14:12:34'),
(112, 275, 46, 5, '2016-12-25', '05:12:43'),
(113, 423, 186, 5, '2016-12-31', '23:12:51'),
(114, 186, 199, 5, '2016-12-05', '14:12:18'),
(115, 510, 109, 5, '2016-12-25', '23:12:02'),
(116, 518, 46, 5, '2017-01-13', '02:01:21'),
(117, 445, 240, 5, '2016-12-28', '14:12:47'),
(118, 471, 194, 5, '2017-01-04', '12:01:39'),
(119, 226, 297, 5, '2016-11-29', '21:11:38'),
(120, 260, 21, 5, '2016-12-01', '05:12:52'),
(121, 110, 260, 5, '2017-01-11', '13:01:35'),
(122, 472, 65, 5, '2017-01-02', '17:01:27'),
(123, 461, 226, 5, '2017-01-11', '20:01:40'),
(124, 256, 127, 5, '2016-12-20', '14:12:26'),
(125, 370, 218, 5, '2016-12-06', '00:12:44'),
(126, 4, 83, 5, '2017-01-02', '02:01:21'),
(127, 220, 206, 5, '2016-11-20', '15:11:12'),
(128, 166, 146, 5, '2017-01-08', '02:01:15'),
(129, 69, 34, 5, '2016-12-20', '04:12:41'),
(130, 249, 181, 5, '2016-11-17', '04:11:19'),
(131, 422, 291, 5, '2016-12-23', '16:12:26'),
(132, 453, 93, 5, '2016-12-09', '06:12:26'),
(133, 546, 142, 5, '2017-01-10', '16:01:02'),
(134, 263, 169, 5, '2017-01-03', '02:01:20'),
(135, 563, 28, 6, '2016-12-10', '17:12:03'),
(136, 496, 158, 6, '2016-11-28', '19:11:19'),
(137, 558, 111, 6, '2016-12-03', '11:12:33'),
(138, 576, 169, 6, '2017-01-01', '18:01:34'),
(139, 330, 64, 6, '2016-11-16', '20:11:00'),
(140, 328, 196, 6, '2017-01-10', '02:01:40'),
(141, 547, 17, 6, '2016-12-20', '20:12:23'),
(142, 80, 192, 6, '2016-12-28', '04:12:08'),
(143, 25, 157, 6, '2016-12-29', '09:12:35'),
(144, 125, 41, 6, '2016-12-12', '23:12:56'),
(145, 513, 105, 6, '2016-12-28', '06:12:10'),
(146, 142, 202, 6, '2017-01-11', '04:01:12'),
(147, 60, 129, 6, '2016-11-17', '08:11:25'),
(148, 588, 164, 6, '2017-01-11', '01:01:57'),
(149, 407, 293, 6, '2016-12-07', '14:12:09'),
(150, 20, 227, 6, '2016-11-29', '09:11:40'),
(151, 152, 192, 6, '2016-12-23', '15:12:49'),
(152, 578, 261, 6, '2016-12-11', '03:12:21'),
(153, 244, 65, 6, '2017-01-01', '02:01:03'),
(154, 220, 280, 6, '2016-12-20', '08:12:51'),
(155, 339, 289, 6, '2016-12-01', '08:12:33'),
(156, 584, 276, 6, '2016-12-28', '04:12:30'),
(157, 325, 151, 6, '2016-11-23', '14:11:29'),
(158, 588, 43, 6, '2016-11-21', '21:11:28'),
(159, 126, 180, 6, '2017-01-13', '15:01:15'),
(160, 543, 67, 6, '2016-11-18', '11:11:07'),
(161, 510, 32, 6, '2016-11-19', '01:11:24'),
(162, 284, 54, 6, '2017-01-04', '10:01:44'),
(163, 403, 287, 6, '2017-01-04', '06:01:39'),
(164, 554, 144, 6, '2017-01-10', '20:01:48'),
(165, 123, 114, 6, '2016-12-24', '10:12:47'),
(166, 584, 289, 6, '2016-11-29', '03:11:14'),
(167, 492, 144, 6, '2016-12-22', '17:12:36'),
(168, 386, 284, 6, '2016-12-14', '01:12:03'),
(169, 523, 78, 6, '2016-12-28', '20:12:48'),
(170, 282, 278, 7, '2016-12-08', '08:12:14'),
(171, 542, 92, 7, '2016-11-22', '16:11:44'),
(172, 293, 28, 7, '2017-01-09', '21:01:44'),
(173, 577, 40, 7, '2016-12-04', '07:12:25'),
(174, 569, 173, 7, '2017-01-13', '02:01:03'),
(175, 21, 44, 7, '2017-01-04', '02:01:40'),
(176, 469, 273, 7, '2016-11-22', '11:11:14'),
(177, 497, 154, 7, '2017-01-12', '18:01:47'),
(178, 418, 52, 7, '2016-12-09', '16:12:23'),
(179, 71, 240, 7, '2017-01-10', '17:01:56'),
(180, 368, 57, 7, '2017-01-11', '17:01:08'),
(181, 480, 30, 7, '2017-01-09', '08:01:41'),
(182, 560, 256, 7, '2017-01-13', '12:01:23'),
(183, 23, 247, 7, '2016-11-25', '22:11:02'),
(184, 446, 121, 7, '2016-11-23', '18:11:57'),
(185, 181, 71, 7, '2017-01-03', '17:01:22'),
(186, 290, 74, 7, '2016-11-29', '17:11:12'),
(187, 164, 72, 7, '2016-11-19', '19:11:23'),
(188, 185, 293, 7, '2016-11-27', '20:11:26'),
(189, 320, 81, 7, '2016-12-05', '00:12:18'),
(190, 209, 87, 7, '2016-12-20', '19:12:08'),
(191, 100, 176, 7, '2016-12-02', '19:12:59'),
(192, 236, 240, 8, '2017-01-02', '10:01:19'),
(193, 243, 277, 8, '2016-12-09', '23:12:13'),
(194, 433, 144, 8, '2016-12-20', '20:12:11'),
(195, 236, 85, 8, '2016-12-06', '01:12:52'),
(196, 174, 168, 8, '2016-12-15', '17:12:20'),
(197, 171, 235, 8, '2016-12-24', '16:12:49'),
(198, 45, 155, 8, '2016-12-14', '16:12:06'),
(199, 588, 157, 8, '2016-12-14', '18:12:04'),
(200, 465, 94, 8, '2016-12-27', '00:12:26'),
(201, 354, 289, 8, '2016-12-11', '17:12:55'),
(202, 295, 16, 8, '2016-11-27', '08:11:45'),
(203, 219, 258, 8, '2016-11-27', '11:11:55'),
(204, 12, 30, 8, '2016-12-25', '03:12:16'),
(205, 76, 156, 8, '2016-12-13', '01:12:56'),
(206, 465, 16, 8, '2016-12-09', '19:12:14'),
(207, 483, 268, 8, '2016-11-19', '06:11:23'),
(208, 483, 61, 8, '2016-12-13', '08:12:34'),
(209, 376, 73, 8, '2016-11-24', '17:11:34'),
(210, 279, 165, 8, '2016-12-23', '12:12:41'),
(211, 44, 19, 8, '2016-12-27', '09:12:53'),
(212, 477, 231, 8, '2016-11-18', '00:11:58'),
(213, 154, 115, 8, '2017-01-08', '12:01:04'),
(214, 515, 264, 8, '2016-11-27', '05:11:26'),
(215, 94, 81, 8, '2016-11-22', '02:11:04'),
(216, 119, 196, 8, '2016-12-23', '22:12:39'),
(217, 391, 228, 8, '2016-12-09', '13:12:49'),
(218, 360, 212, 8, '2016-12-09', '02:12:24'),
(219, 452, 18, 8, '2016-12-12', '03:12:30'),
(220, 313, 191, 8, '2016-11-27', '22:11:58'),
(221, 382, 266, 8, '2016-11-15', '10:11:37'),
(222, 460, 98, 8, '2016-12-28', '05:12:51'),
(223, 283, 141, 8, '2016-12-10', '00:12:08'),
(224, 395, 179, 8, '2017-01-02', '01:01:44'),
(225, 67, 41, 8, '2017-01-04', '22:01:35'),
(226, 76, 48, 8, '2016-11-16', '19:11:35'),
(227, 241, 242, 9, '2016-12-11', '02:12:23'),
(228, 571, 122, 9, '2016-12-28', '10:12:20'),
(229, 347, 23, 9, '2016-11-20', '17:11:19'),
(230, 416, 215, 9, '2016-12-25', '05:12:51'),
(231, 184, 91, 9, '2016-12-13', '01:12:40'),
(232, 18, 219, 9, '2017-01-10', '19:01:19'),
(233, 144, 280, 9, '2016-11-19', '17:11:20'),
(234, 341, 275, 9, '2017-01-13', '05:01:02'),
(235, 408, 168, 9, '2017-01-02', '06:01:21'),
(236, 9, 16, 9, '2017-01-13', '11:01:11'),
(237, 405, 87, 9, '2016-11-22', '12:11:20'),
(238, 222, 45, 9, '2016-12-23', '21:12:26'),
(239, 145, 244, 9, '2016-12-15', '15:12:19'),
(240, 412, 172, 9, '2017-01-07', '22:01:50'),
(241, 58, 60, 9, '2016-12-14', '11:12:52'),
(242, 577, 252, 9, '2016-12-26', '03:12:23'),
(243, 128, 156, 9, '2016-12-30', '00:12:38'),
(244, 323, 278, 9, '2016-12-25', '22:12:48'),
(245, 374, 241, 9, '2016-12-26', '19:12:44'),
(246, 41, 80, 9, '2016-12-03', '22:12:10'),
(247, 570, 281, 9, '2016-12-20', '23:12:46'),
(248, 516, 40, 9, '2016-12-12', '03:12:34'),
(249, 570, 228, 10, '2016-12-19', '13:12:35'),
(250, 516, 48, 10, '2016-12-20', '16:12:42'),
(251, 557, 105, 10, '2016-12-09', '17:12:06'),
(252, 525, 42, 10, '2016-12-17', '18:12:26'),
(253, 164, 191, 10, '2016-11-13', '21:11:36'),
(254, 271, 293, 10, '2016-11-19', '22:11:05'),
(255, 284, 80, 10, '2016-11-21', '11:11:29'),
(256, 95, 204, 10, '2016-12-16', '20:12:52'),
(257, 275, 16, 10, '2016-12-08', '10:12:58'),
(258, 150, 238, 10, '2016-11-18', '01:11:32'),
(259, 429, 164, 10, '2016-12-15', '04:12:14'),
(260, 374, 71, 10, '2017-01-07', '17:01:09'),
(261, 239, 180, 10, '2016-12-15', '09:12:52'),
(262, 10, 195, 10, '2016-12-07', '23:12:22'),
(263, 197, 50, 10, '2016-12-01', '16:12:46'),
(264, 527, 147, 10, '2016-12-09', '12:12:37'),
(265, 356, 93, 10, '2017-01-07', '04:01:23'),
(266, 362, 227, 10, '2016-11-26', '14:11:25'),
(267, 509, 164, 10, '2016-11-18', '08:11:54'),
(268, 89, 152, 10, '2016-11-16', '00:11:49'),
(269, 276, 48, 10, '2016-11-19', '04:11:22'),
(270, 218, 185, 10, '2016-12-13', '19:12:11'),
(271, 159, 282, 10, '2016-12-08', '14:12:08'),
(272, 567, 163, 10, '2016-11-21', '00:11:45'),
(273, 184, 221, 10, '2016-12-21', '15:12:16'),
(274, 151, 69, 10, '2016-11-30', '03:11:13'),
(275, 243, 19, 10, '2017-01-04', '12:01:57'),
(276, 364, 265, 10, '2017-01-07', '18:01:25'),
(277, 490, 38, 11, '2017-01-09', '08:01:41'),
(278, 411, 47, 11, '2017-01-05', '04:01:50'),
(279, 437, 175, 11, '2017-01-04', '12:01:08'),
(280, 251, 73, 11, '2016-12-04', '06:12:43'),
(281, 217, 74, 11, '2016-11-29', '15:11:32'),
(282, 405, 169, 11, '2016-11-29', '07:11:28'),
(283, 543, 290, 11, '2016-12-30', '14:12:41'),
(284, 136, 188, 11, '2016-12-04', '15:12:13'),
(285, 336, 136, 11, '2016-11-14', '03:11:43'),
(286, 442, 287, 11, '2016-12-09', '19:12:36'),
(287, 123, 232, 11, '2016-11-16', '02:11:15'),
(288, 101, 233, 11, '2016-12-02', '14:12:21'),
(289, 225, 36, 11, '2016-12-25', '14:12:25'),
(290, 358, 293, 11, '2016-11-21', '12:11:21'),
(291, 544, 12, 11, '2016-12-01', '07:12:49'),
(292, 57, 139, 11, '2017-01-13', '01:01:20'),
(293, 338, 223, 11, '2017-01-05', '16:01:22'),
(294, 179, 237, 11, '2016-12-10', '07:12:12'),
(295, 595, 97, 11, '2016-12-04', '10:12:25'),
(296, 306, 219, 11, '2016-12-15', '07:12:31'),
(297, 158, 115, 11, '2016-12-30', '12:12:29'),
(298, 191, 66, 11, '2016-11-24', '00:11:30'),
(299, 479, 61, 11, '2016-12-24', '23:12:00'),
(300, 362, 170, 11, '2016-11-30', '21:11:38'),
(301, 299, 117, 11, '2016-11-22', '04:11:51'),
(302, 76, 111, 11, '2016-12-23', '08:12:40'),
(303, 67, 215, 11, '2016-12-03', '13:12:08'),
(304, 472, 97, 11, '2017-01-10', '23:01:23'),
(305, 160, 152, 11, '2016-11-15', '00:11:36'),
(306, 292, 123, 11, '2017-01-12', '22:01:03'),
(307, 495, 63, 11, '2016-12-31', '18:12:41'),
(308, 544, 180, 11, '2016-11-24', '06:11:44'),
(309, 217, 125, 11, '2016-12-04', '21:12:14'),
(310, 412, 72, 11, '2016-11-21', '17:11:49'),
(311, 554, 115, 11, '2016-12-05', '08:12:28'),
(312, 428, 70, 11, '2016-12-14', '11:12:57'),
(313, 234, 67, 11, '2016-12-01', '06:12:32'),
(314, 187, 35, 12, '2016-12-31', '20:12:12'),
(315, 471, 209, 12, '2016-12-19', '10:12:59'),
(316, 584, 134, 12, '2017-01-01', '19:01:37'),
(317, 544, 178, 12, '2016-12-31', '17:12:51'),
(318, 577, 82, 12, '2017-01-10', '23:01:07'),
(319, 253, 127, 12, '2016-12-06', '00:12:27'),
(320, 586, 241, 12, '2017-01-05', '18:01:33'),
(321, 112, 108, 12, '2016-11-26', '16:11:05'),
(322, 324, 111, 12, '2017-01-12', '05:01:15'),
(323, 419, 265, 12, '2016-11-18', '16:11:56'),
(324, 47, 147, 12, '2016-12-23', '04:12:04'),
(325, 395, 132, 12, '2016-11-22', '13:11:17'),
(326, 271, 147, 12, '2016-11-16', '18:11:14'),
(327, 397, 18, 12, '2016-12-18', '11:12:43'),
(328, 592, 22, 12, '2017-01-12', '01:01:52'),
(329, 71, 76, 12, '2017-01-07', '20:01:51'),
(330, 541, 99, 12, '2016-11-25', '17:11:04'),
(331, 435, 274, 12, '2016-11-22', '08:11:30'),
(332, 290, 267, 12, '2016-12-08', '23:12:19'),
(333, 77, 196, 12, '2017-01-11', '18:01:48'),
(334, 23, 141, 12, '2017-01-10', '20:01:17'),
(335, 145, 171, 12, '2017-01-13', '14:01:21'),
(336, 528, 17, 12, '2016-12-10', '07:12:28'),
(337, 216, 136, 12, '2016-12-24', '23:12:43'),
(338, 183, 135, 12, '2016-11-15', '22:11:40'),
(339, 535, 30, 12, '2016-11-14', '23:11:12'),
(340, 287, 123, 12, '2016-11-28', '20:11:32'),
(341, 511, 172, 12, '2017-01-01', '04:01:57'),
(342, 346, 281, 12, '2016-11-15', '14:11:25'),
(343, 579, 162, 12, '2017-01-04', '22:01:54'),
(344, 443, 176, 12, '2017-01-08', '15:01:47'),
(345, 286, 164, 13, '2016-12-23', '04:12:22'),
(346, 393, 81, 13, '2016-11-17', '09:11:29'),
(347, 167, 280, 13, '2016-12-10', '22:12:39'),
(348, 103, 71, 13, '2016-11-29', '14:11:47'),
(349, 55, 97, 13, '2016-12-04', '13:12:31'),
(350, 393, 185, 13, '2017-01-01', '13:01:21'),
(351, 542, 161, 13, '2016-12-18', '07:12:10'),
(352, 246, 219, 13, '2016-12-23', '23:12:34'),
(353, 119, 96, 13, '2017-01-09', '03:01:37'),
(354, 88, 291, 13, '2016-11-15', '12:11:34'),
(355, 326, 50, 13, '2016-12-27', '12:12:26'),
(356, 61, 204, 13, '2016-12-01', '23:12:26'),
(357, 243, 45, 13, '2016-11-20', '05:11:28'),
(358, 591, 66, 13, '2016-11-28', '09:11:46'),
(359, 110, 27, 13, '2016-11-20', '23:11:05'),
(360, 348, 182, 13, '2016-12-15', '19:12:26'),
(361, 498, 203, 13, '2016-11-14', '13:11:58'),
(362, 353, 81, 13, '2017-01-12', '22:01:22'),
(363, 267, 44, 13, '2016-12-25', '17:12:25'),
(364, 244, 232, 13, '2016-12-14', '09:12:31'),
(365, 217, 167, 13, '2016-11-24', '02:11:36'),
(366, 33, 30, 13, '2016-12-17', '04:12:53'),
(367, 468, 89, 13, '2016-12-14', '04:12:50'),
(368, 335, 146, 13, '2016-12-10', '04:12:10'),
(369, 259, 295, 13, '2016-11-15', '19:11:58'),
(370, 69, 216, 13, '2016-12-28', '20:12:09'),
(371, 223, 294, 13, '2016-11-22', '21:11:19'),
(372, 57, 74, 13, '2016-12-14', '11:12:49'),
(373, 242, 237, 13, '2016-12-12', '02:12:59'),
(374, 497, 36, 13, '2017-01-06', '23:01:55'),
(375, 404, 182, 13, '2017-01-10', '07:01:58'),
(376, 150, 131, 13, '2016-12-26', '14:12:25'),
(377, 17, 186, 14, '2016-11-27', '11:11:11'),
(378, 577, 195, 14, '2016-11-21', '00:11:59'),
(379, 413, 38, 14, '2016-12-28', '01:12:03'),
(380, 523, 79, 14, '2016-11-21', '11:11:32'),
(381, 475, 57, 14, '2017-01-05', '04:01:36'),
(382, 353, 259, 14, '2016-11-16', '21:11:45'),
(383, 580, 156, 14, '2016-12-11', '19:12:17'),
(384, 522, 176, 14, '2016-11-23', '01:11:24'),
(385, 397, 66, 14, '2017-01-01', '18:01:29'),
(386, 354, 200, 14, '2016-11-30', '00:11:36'),
(387, 289, 228, 14, '2017-01-03', '00:01:22'),
(388, 254, 64, 14, '2016-11-20', '21:11:43'),
(389, 258, 271, 14, '2016-12-30', '04:12:10'),
(390, 329, 281, 14, '2016-11-17', '09:11:55'),
(391, 331, 90, 14, '2017-01-04', '18:01:27'),
(392, 523, 199, 14, '2016-11-18', '15:11:37'),
(393, 171, 179, 14, '2016-12-21', '20:12:01'),
(394, 402, 255, 14, '2016-12-21', '20:12:46'),
(395, 46, 294, 14, '2016-12-01', '01:12:12'),
(396, 80, 170, 14, '2016-11-28', '20:11:04'),
(397, 242, 263, 14, '2016-12-27', '03:12:38'),
(398, 535, 288, 15, '2016-12-15', '09:12:23'),
(399, 422, 56, 15, '2016-11-28', '22:11:41'),
(400, 201, 121, 15, '2017-01-13', '02:01:26'),
(401, 165, 49, 15, '2016-12-02', '10:12:57'),
(402, 39, 233, 15, '2016-11-26', '00:11:37'),
(403, 24, 250, 15, '2016-11-22', '13:11:51'),
(404, 284, 190, 15, '2016-11-29', '13:11:49'),
(405, 118, 276, 15, '2017-01-08', '09:01:04'),
(406, 452, 231, 15, '2016-11-23', '05:11:20'),
(407, 440, 263, 15, '2016-12-27', '08:12:13'),
(408, 249, 252, 15, '2016-12-23', '18:12:59'),
(409, 420, 263, 15, '2016-11-14', '11:11:30'),
(410, 354, 249, 15, '2016-12-24', '05:12:09'),
(411, 117, 33, 15, '2016-11-26', '06:11:58'),
(412, 190, 268, 15, '2016-12-29', '15:12:35'),
(413, 505, 231, 15, '2017-01-11', '19:01:40'),
(414, 545, 73, 15, '2016-12-29', '14:12:26'),
(415, 354, 171, 15, '2016-11-28', '06:11:17'),
(416, 408, 83, 15, '2016-12-03', '18:12:28'),
(417, 9, 262, 15, '2016-11-14', '11:11:24'),
(418, 414, 227, 15, '2016-11-27', '18:11:25'),
(419, 217, 27, 15, '2016-12-15', '03:12:07'),
(420, 578, 60, 15, '2016-12-01', '05:12:04'),
(421, 553, 173, 15, '2016-12-29', '22:12:56'),
(422, 257, 221, 15, '2017-01-06', '23:01:07'),
(423, 333, 203, 15, '2016-11-14', '01:11:41'),
(424, 317, 256, 15, '2016-11-15', '07:11:29'),
(425, 399, 86, 15, '2017-01-06', '06:01:26'),
(426, 199, 47, 15, '2016-12-24', '05:12:46'),
(427, 6, 261, 15, '2016-12-28', '14:12:57'),
(428, 371, 199, 15, '2016-11-18', '14:11:52'),
(429, 53, 237, 16, '2017-01-05', '19:01:40'),
(430, 475, 104, 16, '2016-11-18', '20:11:48'),
(431, 9, 252, 16, '2017-01-12', '17:01:21'),
(432, 118, 257, 16, '2016-11-15', '12:11:41'),
(433, 488, 64, 16, '2017-01-01', '18:01:09'),
(434, 64, 230, 16, '2017-01-03', '18:01:52'),
(435, 112, 168, 16, '2016-11-19', '12:11:24'),
(436, 58, 233, 16, '2017-01-01', '19:01:01'),
(437, 178, 21, 16, '2016-11-16', '01:11:30'),
(438, 419, 114, 16, '2016-11-26', '00:11:01'),
(439, 411, 133, 16, '2016-11-14', '17:11:35'),
(440, 256, 174, 16, '2016-12-10', '09:12:16'),
(441, 110, 109, 16, '2017-01-09', '23:01:57'),
(442, 120, 93, 16, '2016-11-28', '09:11:31'),
(443, 411, 219, 16, '2016-12-03', '17:12:31'),
(444, 298, 201, 16, '2016-11-24', '08:11:01'),
(445, 584, 235, 16, '2016-12-25', '11:12:02'),
(446, 363, 96, 16, '2016-11-28', '20:11:15'),
(447, 86, 298, 16, '2016-12-16', '04:12:37'),
(448, 102, 244, 16, '2016-12-05', '01:12:47'),
(449, 336, 289, 16, '2017-01-05', '04:01:56'),
(450, 299, 91, 16, '2017-01-04', '02:01:04'),
(451, 26, 228, 16, '2016-12-02', '05:12:00'),
(452, 468, 184, 16, '2017-01-11', '05:01:19'),
(453, 569, 110, 16, '2017-01-10', '20:01:39'),
(454, 454, 151, 16, '2016-11-22', '23:11:01'),
(455, 28, 196, 16, '2016-12-14', '23:12:24'),
(456, 584, 66, 16, '2017-01-07', '22:01:27'),
(457, 556, 140, 17, '2016-12-23', '19:12:19'),
(458, 442, 246, 17, '2017-01-03', '14:01:40'),
(459, 478, 167, 17, '2016-12-29', '06:12:24'),
(460, 206, 266, 17, '2016-11-17', '20:11:28'),
(461, 502, 292, 17, '2016-12-05', '14:12:53'),
(462, 148, 273, 17, '2016-12-27', '00:12:55'),
(463, 392, 110, 17, '2016-12-14', '18:12:01'),
(464, 560, 95, 17, '2016-12-07', '16:12:28'),
(465, 377, 138, 17, '2016-12-28', '15:12:11'),
(466, 551, 268, 17, '2016-12-01', '23:12:55'),
(467, 316, 124, 17, '2017-01-11', '17:01:09'),
(468, 346, 291, 17, '2016-11-21', '11:11:51'),
(469, 118, 158, 17, '2017-01-11', '09:01:02'),
(470, 409, 26, 17, '2016-12-12', '11:12:30'),
(471, 124, 53, 17, '2016-12-31', '01:12:04'),
(472, 352, 161, 17, '2016-11-19', '16:11:14'),
(473, 197, 51, 17, '2016-12-05', '05:12:02'),
(474, 404, 106, 17, '2017-01-05', '06:01:47'),
(475, 125, 49, 17, '2016-12-30', '05:12:10'),
(476, 60, 17, 17, '2016-12-16', '05:12:16'),
(477, 553, 26, 17, '2016-12-25', '19:12:11'),
(478, 233, 112, 17, '2016-11-15', '15:11:32'),
(479, 381, 179, 17, '2017-01-10', '18:01:23'),
(480, 12, 106, 17, '2016-12-22', '09:12:06'),
(481, 130, 89, 17, '2016-11-29', '23:11:18'),
(482, 394, 283, 17, '2016-12-07', '12:12:54'),
(483, 543, 227, 17, '2016-12-26', '11:12:32'),
(484, 151, 80, 17, '2016-11-23', '09:11:49'),
(485, 172, 42, 17, '2017-01-05', '04:01:37'),
(486, 149, 282, 17, '2016-12-31', '03:12:02'),
(487, 272, 154, 17, '2016-12-31', '14:12:57'),
(488, 378, 254, 17, '2016-11-28', '05:11:01'),
(489, 99, 238, 17, '2016-12-24', '12:12:43'),
(490, 545, 101, 17, '2016-11-16', '15:11:43'),
(491, 197, 120, 17, '2016-12-30', '08:12:25'),
(492, 253, 15, 17, '2017-01-02', '20:01:30'),
(493, 215, 85, 17, '2016-12-05', '03:12:47'),
(494, 214, 88, 18, '2017-01-11', '02:01:24'),
(495, 553, 241, 18, '2016-11-27', '12:11:19'),
(496, 420, 41, 18, '2017-01-06', '17:01:45'),
(497, 212, 59, 18, '2016-12-06', '15:12:39'),
(498, 270, 245, 18, '2016-11-28', '12:11:54'),
(499, 34, 95, 18, '2017-01-02', '04:01:15'),
(500, 445, 285, 18, '2016-12-23', '06:12:12'),
(501, 345, 270, 18, '2016-11-27', '21:11:38'),
(502, 36, 164, 18, '2016-12-12', '09:12:49'),
(503, 263, 268, 18, '2017-01-01', '02:01:30'),
(504, 129, 137, 18, '2016-12-10', '14:12:43'),
(505, 512, 142, 18, '2016-11-16', '17:11:47'),
(506, 485, 147, 18, '2016-12-22', '09:12:38'),
(507, 183, 205, 18, '2016-12-05', '12:12:16'),
(508, 485, 245, 18, '2016-11-29', '08:11:29'),
(509, 46, 58, 18, '2016-11-14', '03:11:01'),
(510, 570, 60, 18, '2016-11-24', '03:11:01'),
(511, 162, 12, 18, '2016-12-23', '04:12:12'),
(512, 99, 201, 18, '2016-12-22', '03:12:39'),
(513, 278, 192, 18, '2016-12-10', '22:12:07'),
(514, 546, 190, 18, '2016-12-30', '18:12:06'),
(515, 336, 162, 18, '2016-12-06', '18:12:55'),
(516, 249, 202, 18, '2016-11-13', '23:11:15'),
(517, 112, 52, 18, '2016-11-30', '18:11:37'),
(518, 16, 149, 18, '2016-12-29', '09:12:59'),
(519, 543, 193, 18, '2016-12-09', '17:12:03'),
(520, 48, 81, 18, '2017-01-03', '17:01:07'),
(521, 425, 232, 18, '2016-11-23', '22:11:55'),
(522, 260, 269, 18, '2016-12-28', '18:12:59'),
(523, 419, 16, 18, '2016-12-24', '04:12:21'),
(524, 105, 82, 18, '2017-01-08', '12:01:48'),
(525, 247, 236, 18, '2016-12-19', '04:12:31'),
(526, 465, 49, 18, '2016-12-29', '07:12:59'),
(527, 470, 209, 18, '2016-12-24', '01:12:21'),
(528, 185, 284, 18, '2016-11-20', '10:11:32'),
(529, 335, 84, 18, '2016-11-25', '08:11:47'),
(530, 462, 76, 18, '2016-12-16', '06:12:25'),
(531, 174, 204, 19, '2016-11-18', '19:11:10'),
(532, 343, 213, 19, '2017-01-11', '19:01:21'),
(533, 464, 165, 19, '2016-12-12', '05:12:27'),
(534, 145, 109, 19, '2016-11-25', '19:11:37'),
(535, 462, 205, 19, '2016-11-18', '07:11:29'),
(536, 222, 86, 19, '2017-01-03', '20:01:25'),
(537, 258, 17, 19, '2016-12-13', '16:12:53'),
(538, 258, 54, 19, '2016-11-18', '09:11:26'),
(539, 553, 174, 19, '2016-11-26', '01:11:19'),
(540, 208, 45, 19, '2016-11-26', '09:11:34'),
(541, 254, 263, 19, '2016-12-24', '07:12:34'),
(542, 257, 185, 19, '2017-01-03', '04:01:14'),
(543, 223, 199, 19, '2016-11-24', '16:11:02'),
(544, 317, 171, 19, '2016-12-12', '14:12:06'),
(545, 488, 174, 19, '2017-01-06', '19:01:31'),
(546, 137, 185, 19, '2016-12-25', '16:12:48'),
(547, 178, 43, 19, '2017-01-11', '18:01:43'),
(548, 382, 243, 19, '2016-11-24', '14:11:42'),
(549, 84, 33, 19, '2016-12-30', '07:12:57'),
(550, 444, 266, 19, '2016-12-27', '03:12:45'),
(551, 112, 49, 20, '2016-11-29', '15:11:59'),
(552, 286, 149, 20, '2016-12-17', '12:12:35'),
(553, 539, 28, 20, '2016-11-29', '21:11:48'),
(554, 291, 34, 20, '2017-01-03', '06:01:09'),
(555, 270, 170, 20, '2017-01-01', '06:01:37'),
(556, 49, 23, 20, '2016-11-23', '05:11:19'),
(557, 513, 16, 20, '2017-01-13', '05:01:04'),
(558, 146, 208, 20, '2016-12-16', '23:12:02'),
(559, 584, 290, 20, '2016-12-16', '12:12:30'),
(560, 361, 25, 20, '2017-01-06', '04:01:53'),
(561, 111, 27, 20, '2016-12-19', '20:12:12'),
(562, 475, 151, 20, '2016-11-21', '17:11:21'),
(563, 371, 39, 20, '2016-12-01', '23:12:50'),
(564, 16, 274, 20, '2017-01-05', '17:01:15'),
(565, 101, 66, 20, '2016-11-14', '04:11:26'),
(566, 192, 123, 20, '2017-01-02', '13:01:42'),
(567, 517, 114, 20, '2017-01-06', '07:01:15'),
(568, 247, 242, 20, '2016-12-11', '10:12:51'),
(569, 524, 233, 20, '2016-12-04', '03:12:16'),
(570, 189, 271, 20, '2017-01-10', '22:01:24'),
(571, 562, 107, 20, '2016-12-30', '14:12:53'),
(572, 206, 126, 20, '2016-12-26', '06:12:19'),
(573, 47, 242, 20, '2016-11-16', '09:11:11'),
(574, 456, 181, 20, '2016-12-09', '13:12:39'),
(575, 378, 28, 20, '2016-12-14', '23:12:36'),
(576, 65, 117, 20, '2016-11-18', '13:11:37'),
(577, 485, 148, 21, '2016-11-15', '11:11:21'),
(578, 395, 283, 21, '2016-11-22', '00:11:53'),
(579, 196, 295, 21, '2016-11-19', '01:11:39'),
(580, 201, 295, 21, '2017-01-04', '03:01:27'),
(581, 467, 67, 21, '2016-11-30', '02:11:25'),
(582, 573, 228, 21, '2017-01-12', '19:01:38'),
(583, 387, 202, 21, '2016-12-26', '21:12:07'),
(584, 590, 91, 21, '2016-11-20', '21:11:56'),
(585, 401, 181, 21, '2016-12-18', '13:12:59'),
(586, 230, 107, 21, '2016-11-27', '17:11:33'),
(587, 549, 228, 21, '2016-12-02', '21:12:42'),
(588, 480, 54, 21, '2016-12-22', '13:12:21'),
(589, 306, 171, 21, '2016-12-28', '05:12:07'),
(590, 221, 275, 21, '2016-11-22', '20:11:14'),
(591, 487, 116, 21, '2016-12-07', '12:12:39'),
(592, 498, 94, 21, '2017-01-06', '12:01:43'),
(593, 135, 192, 21, '2016-11-24', '23:11:11'),
(594, 362, 154, 21, '2016-12-27', '22:12:04'),
(595, 284, 171, 21, '2016-11-30', '02:11:29'),
(596, 445, 283, 21, '2017-01-11', '09:01:20'),
(597, 411, 86, 21, '2016-11-24', '21:11:04'),
(598, 546, 215, 21, '2016-11-18', '14:11:01'),
(599, 584, 108, 21, '2016-12-07', '11:12:06'),
(600, 550, 272, 21, '2016-12-15', '00:12:08'),
(601, 139, 199, 21, '2016-12-22', '18:12:22'),
(602, 238, 99, 21, '2017-01-06', '00:01:42'),
(603, 270, 55, 21, '2016-12-06', '19:12:10'),
(604, 421, 70, 21, '2016-12-19', '02:12:02'),
(605, 68, 290, 21, '2016-12-08', '14:12:25'),
(606, 195, 33, 21, '2016-11-25', '05:11:38'),
(607, 215, 279, 21, '2016-11-14', '08:11:48'),
(608, 330, 57, 21, '2016-12-26', '16:12:32'),
(609, 390, 180, 21, '2016-12-28', '18:12:21'),
(610, 82, 57, 21, '2016-12-14', '14:12:54'),
(611, 58, 49, 21, '2017-01-09', '05:01:25'),
(612, 230, 266, 21, '2017-01-13', '03:01:27'),
(613, 349, 238, 21, '2017-01-01', '07:01:01'),
(614, 71, 98, 21, '2016-12-17', '03:12:30'),
(615, 120, 174, 21, '2016-12-23', '18:12:37'),
(616, 475, 181, 22, '2016-12-11', '08:12:58'),
(617, 173, 245, 22, '2016-12-02', '08:12:32'),
(618, 550, 231, 22, '2016-12-24', '06:12:24'),
(619, 51, 117, 22, '2016-12-05', '13:12:35'),
(620, 432, 256, 22, '2016-12-30', '23:12:53'),
(621, 239, 82, 22, '2016-12-27', '23:12:12'),
(622, 535, 100, 22, '2016-12-31', '00:12:22'),
(623, 264, 172, 22, '2017-01-12', '02:01:42'),
(624, 390, 19, 22, '2016-11-25', '10:11:25'),
(625, 245, 105, 22, '2016-11-15', '00:11:17'),
(626, 542, 138, 22, '2017-01-13', '14:01:28'),
(627, 332, 216, 22, '2016-12-13', '19:12:32'),
(628, 543, 147, 22, '2016-12-29', '23:12:38'),
(629, 407, 183, 22, '2016-12-17', '21:12:13'),
(630, 561, 110, 22, '2016-12-15', '03:12:33'),
(631, 554, 95, 22, '2016-12-27', '10:12:07'),
(632, 58, 224, 22, '2016-11-21', '07:11:35'),
(633, 294, 74, 22, '2016-11-24', '14:11:11'),
(634, 347, 17, 22, '2017-01-05', '20:01:36'),
(635, 517, 178, 22, '2016-12-10', '07:12:28'),
(636, 489, 99, 22, '2016-12-06', '00:12:41'),
(637, 364, 88, 22, '2016-12-27', '22:12:01'),
(638, 490, 218, 22, '2016-12-08', '16:12:08'),
(639, 441, 26, 22, '2016-12-05', '16:12:09'),
(640, 224, 148, 22, '2016-12-31', '14:12:49'),
(641, 544, 54, 22, '2016-11-28', '10:11:03'),
(642, 511, 93, 22, '2016-11-29', '20:11:18'),
(643, 449, 146, 22, '2016-12-14', '14:12:12'),
(644, 37, 232, 22, '2016-11-23', '19:11:58'),
(645, 64, 136, 22, '2016-11-25', '04:11:45'),
(646, 430, 300, 22, '2016-12-03', '18:12:13'),
(647, 438, 21, 22, '2016-11-30', '01:11:38'),
(648, 478, 251, 23, '2016-12-03', '03:12:54'),
(649, 80, 214, 23, '2016-12-24', '12:12:56'),
(650, 576, 190, 23, '2017-01-12', '04:01:34'),
(651, 199, 226, 23, '2016-11-17', '14:11:06'),
(652, 474, 238, 23, '2016-12-02', '06:12:48'),
(653, 154, 32, 23, '2016-12-12', '04:12:57'),
(654, 130, 60, 23, '2017-01-06', '22:01:10'),
(655, 268, 60, 23, '2017-01-02', '09:01:59'),
(656, 378, 33, 23, '2017-01-02', '02:01:24'),
(657, 501, 69, 23, '2016-12-09', '18:12:26'),
(658, 378, 212, 23, '2016-11-13', '23:11:16'),
(659, 414, 284, 23, '2017-01-09', '16:01:11'),
(660, 584, 113, 23, '2016-12-17', '07:12:20'),
(661, 101, 135, 23, '2016-12-10', '19:12:49'),
(662, 389, 77, 23, '2016-11-22', '10:11:23'),
(663, 35, 12, 23, '2016-11-26', '20:11:07'),
(664, 420, 142, 23, '2016-12-13', '22:12:48'),
(665, 42, 67, 23, '2016-12-10', '01:12:30'),
(666, 557, 205, 23, '2017-01-02', '01:01:58'),
(667, 271, 128, 23, '2016-11-14', '23:11:48'),
(668, 282, 221, 23, '2017-01-05', '05:01:53'),
(669, 534, 217, 23, '2016-11-27', '12:11:49'),
(670, 524, 211, 23, '2017-01-06', '07:01:30'),
(671, 456, 110, 23, '2016-12-05', '14:12:11'),
(672, 324, 159, 23, '2016-12-30', '08:12:56'),
(673, 122, 185, 23, '2016-11-14', '20:11:19'),
(674, 326, 62, 23, '2016-12-21', '07:12:06'),
(675, 314, 271, 23, '2017-01-11', '14:01:33'),
(676, 194, 162, 23, '2016-12-23', '21:12:17'),
(677, 448, 212, 23, '2016-11-21', '02:11:01'),
(678, 416, 293, 23, '2016-12-24', '04:12:03'),
(679, 255, 245, 23, '2016-11-24', '23:11:27'),
(680, 596, 127, 23, '2016-12-30', '11:12:01'),
(681, 41, 155, 23, '2016-11-23', '23:11:24'),
(682, 536, 280, 23, '2017-01-07', '10:01:33'),
(683, 392, 162, 23, '2016-11-19', '19:11:54'),
(684, 138, 118, 23, '2016-12-01', '16:12:59'),
(685, 370, 249, 24, '2016-11-26', '21:11:20'),
(686, 253, 137, 24, '2016-12-02', '05:12:36'),
(687, 362, 249, 24, '2017-01-10', '11:01:07'),
(688, 430, 291, 24, '2016-12-30', '02:12:10'),
(689, 292, 49, 24, '2016-11-26', '17:11:25'),
(690, 492, 24, 24, '2016-11-16', '18:11:39'),
(691, 11, 80, 24, '2016-11-17', '20:11:59'),
(692, 27, 162, 24, '2016-12-21', '03:12:01'),
(693, 550, 140, 24, '2016-11-18', '21:11:34'),
(694, 562, 23, 24, '2016-12-14', '23:12:32'),
(695, 580, 297, 24, '2016-12-09', '12:12:15'),
(696, 304, 253, 24, '2016-12-26', '03:12:50'),
(697, 124, 193, 24, '2016-12-07', '13:12:25'),
(698, 105, 225, 24, '2016-12-16', '22:12:49'),
(699, 507, 88, 24, '2017-01-05', '02:01:58'),
(700, 52, 31, 24, '2016-11-16', '20:11:41'),
(701, 298, 146, 24, '2016-12-27', '02:12:56'),
(702, 173, 159, 24, '2016-12-19', '21:12:07'),
(703, 284, 42, 24, '2016-11-19', '14:11:43'),
(704, 141, 14, 24, '2016-12-22', '14:12:31'),
(705, 32, 290, 24, '2017-01-13', '13:01:12'),
(706, 121, 29, 24, '2016-12-31', '08:12:58'),
(707, 347, 32, 24, '2017-01-01', '05:01:20'),
(708, 308, 82, 24, '2016-11-17', '16:11:26'),
(709, 171, 156, 24, '2016-12-31', '15:12:54'),
(710, 292, 143, 24, '2016-12-09', '14:12:39'),
(711, 175, 86, 24, '2016-12-15', '10:12:37'),
(712, 528, 300, 24, '2016-12-06', '22:12:38'),
(713, 441, 156, 24, '2016-12-05', '20:12:10'),
(714, 457, 29, 24, '2016-12-14', '05:12:26'),
(715, 75, 181, 24, '2016-12-06', '17:12:04'),
(716, 31, 257, 24, '2016-12-29', '09:12:46'),
(717, 215, 192, 24, '2016-12-28', '14:12:34'),
(718, 435, 110, 24, '2016-11-15', '00:11:34'),
(719, 210, 253, 24, '2017-01-11', '08:01:04'),
(720, 477, 290, 24, '2016-12-03', '19:12:59'),
(721, 14, 128, 24, '2016-12-22', '06:12:51'),
(722, 284, 300, 24, '2016-12-02', '18:12:04'),
(723, 471, 182, 25, '2017-01-09', '07:01:01'),
(724, 352, 225, 25, '2016-12-08', '09:12:24'),
(725, 142, 206, 25, '2016-12-05', '21:12:34'),
(726, 437, 106, 25, '2016-12-24', '04:12:32'),
(727, 545, 12, 25, '2016-11-22', '16:11:42'),
(728, 509, 259, 25, '2016-11-17', '19:11:29'),
(729, 287, 290, 25, '2016-11-28', '12:11:26'),
(730, 182, 72, 25, '2016-12-05', '21:12:28'),
(731, 27, 72, 25, '2016-12-22', '03:12:06'),
(732, 102, 201, 25, '2016-12-15', '21:12:22'),
(733, 35, 255, 25, '2016-12-01', '18:12:36'),
(734, 504, 67, 25, '2017-01-11', '17:01:27'),
(735, 475, 166, 25, '2017-01-13', '03:01:33'),
(736, 313, 37, 25, '2017-01-10', '22:01:00'),
(737, 371, 271, 25, '2016-12-21', '02:12:33'),
(738, 293, 292, 25, '2016-12-23', '08:12:01'),
(739, 423, 130, 25, '2017-01-04', '06:01:00'),
(740, 49, 34, 25, '2017-01-08', '01:01:14'),
(741, 243, 285, 25, '2017-01-02', '15:01:16'),
(742, 566, 246, 25, '2016-11-17', '10:11:06'),
(743, 400, 103, 25, '2016-11-24', '20:11:27'),
(744, 168, 243, 25, '2016-11-23', '16:11:30'),
(745, 7, 55, 25, '2016-12-23', '09:12:49'),
(746, 214, 181, 25, '2016-11-14', '10:11:21'),
(747, 144, 28, 25, '2016-11-29', '10:11:19'),
(748, 537, 164, 25, '2016-11-29', '18:11:45'),
(749, 431, 98, 25, '2017-01-13', '14:01:32'),
(750, 497, 226, 25, '2016-12-07', '03:12:24'),
(751, 540, 106, 26, '2016-12-13', '10:12:23'),
(752, 21, 260, 26, '2016-11-19', '09:11:29'),
(753, 562, 296, 26, '2016-11-29', '23:11:24'),
(754, 233, 295, 26, '2017-01-13', '02:01:17'),
(755, 555, 229, 26, '2016-11-16', '15:11:46'),
(756, 254, 216, 26, '2016-12-25', '04:12:30'),
(757, 590, 222, 26, '2016-11-15', '19:11:44'),
(758, 441, 177, 26, '2016-12-19', '12:12:01'),
(759, 556, 177, 26, '2017-01-04', '11:01:42'),
(760, 486, 241, 26, '2017-01-09', '14:01:11'),
(761, 414, 144, 26, '2016-12-07', '03:12:27'),
(762, 107, 44, 26, '2016-12-21', '14:12:29'),
(763, 565, 137, 26, '2016-11-22', '17:11:21'),
(764, 159, 212, 26, '2016-12-24', '15:12:04'),
(765, 66, 98, 26, '2017-01-11', '08:01:16'),
(766, 374, 219, 26, '2016-12-20', '11:12:53'),
(767, 344, 16, 26, '2016-11-19', '04:11:31'),
(768, 596, 202, 26, '2017-01-11', '15:01:50'),
(769, 383, 161, 26, '2016-11-18', '15:11:15'),
(770, 163, 123, 26, '2016-11-30', '23:11:32'),
(771, 56, 176, 26, '2017-01-07', '23:01:20'),
(772, 177, 213, 26, '2016-12-25', '07:12:34'),
(773, 161, 35, 26, '2016-12-07', '19:12:52'),
(774, 390, 21, 26, '2016-12-18', '03:12:27'),
(775, 495, 69, 26, '2016-12-27', '19:12:52'),
(776, 393, 146, 26, '2016-11-15', '15:11:47'),
(777, 346, 162, 26, '2016-11-25', '17:11:18'),
(778, 571, 253, 26, '2016-12-19', '16:12:55'),
(779, 269, 283, 27, '2017-01-03', '21:01:47'),
(780, 308, 201, 27, '2016-12-07', '22:12:01'),
(781, 391, 43, 27, '2017-01-05', '18:01:06'),
(782, 449, 21, 27, '2017-01-11', '14:01:23'),
(783, 182, 23, 27, '2016-12-13', '14:12:41'),
(784, 79, 104, 27, '2016-12-01', '20:12:01'),
(785, 368, 300, 27, '2017-01-02', '11:01:21'),
(786, 161, 73, 27, '2016-11-27', '20:11:18'),
(787, 517, 199, 27, '2017-01-06', '05:01:41'),
(788, 286, 147, 27, '2016-12-26', '20:12:46'),
(789, 76, 107, 27, '2017-01-03', '21:01:05'),
(790, 543, 300, 27, '2017-01-09', '14:01:04'),
(791, 570, 290, 27, '2016-11-18', '23:11:31'),
(792, 296, 137, 27, '2016-12-30', '10:12:38'),
(793, 154, 63, 27, '2016-12-11', '00:12:39'),
(794, 69, 51, 27, '2016-12-04', '15:12:15'),
(795, 474, 216, 27, '2017-01-08', '18:01:39'),
(796, 489, 194, 27, '2017-01-06', '21:01:04'),
(797, 396, 141, 27, '2017-01-09', '12:01:55'),
(798, 291, 176, 27, '2016-12-19', '06:12:10'),
(799, 530, 291, 27, '2016-12-10', '20:12:59'),
(800, 577, 190, 27, '2016-12-01', '17:12:43'),
(801, 496, 157, 27, '2016-12-07', '06:12:38'),
(802, 91, 79, 27, '2016-12-15', '20:12:17'),
(803, 419, 212, 27, '2016-11-27', '05:11:36'),
(804, 16, 193, 27, '2017-01-09', '11:01:00'),
(805, 375, 251, 27, '2017-01-01', '08:01:11'),
(806, 472, 282, 27, '2017-01-12', '05:01:48'),
(807, 220, 180, 27, '2016-12-18', '22:12:24'),
(808, 453, 94, 27, '2016-12-09', '19:12:21'),
(809, 253, 192, 27, '2016-12-05', '04:12:40'),
(810, 199, 264, 27, '2016-12-06', '18:12:56'),
(811, 301, 74, 27, '2016-11-13', '22:11:38'),
(812, 361, 50, 28, '2016-12-29', '21:12:31'),
(813, 58, 233, 28, '2016-12-01', '22:12:46'),
(814, 357, 42, 28, '2016-12-07', '13:12:45'),
(815, 155, 107, 28, '2016-11-30', '11:11:08'),
(816, 20, 96, 28, '2017-01-07', '21:01:18'),
(817, 191, 268, 28, '2016-12-30', '14:12:10'),
(818, 307, 260, 28, '2017-01-09', '04:01:35'),
(819, 388, 85, 28, '2016-12-11', '03:12:07'),
(820, 372, 39, 28, '2016-11-28', '06:11:29'),
(821, 511, 282, 28, '2016-12-13', '15:12:36'),
(822, 214, 83, 28, '2016-12-07', '01:12:01'),
(823, 346, 222, 28, '2016-12-06', '16:12:45'),
(824, 139, 177, 28, '2017-01-12', '20:01:09'),
(825, 141, 222, 28, '2016-12-15', '08:12:33'),
(826, 267, 126, 28, '2016-12-26', '15:12:05'),
(827, 316, 122, 28, '2016-12-13', '06:12:38'),
(828, 90, 26, 28, '2016-11-19', '10:11:21'),
(829, 94, 192, 28, '2016-11-24', '23:11:04'),
(830, 571, 228, 28, '2016-11-14', '02:11:45'),
(831, 25, 131, 28, '2016-12-25', '07:12:16'),
(832, 181, 297, 28, '2016-12-07', '08:12:19'),
(833, 507, 116, 28, '2016-12-15', '01:12:34'),
(834, 458, 136, 29, '2016-12-05', '21:12:53'),
(835, 472, 152, 29, '2017-01-07', '00:01:07'),
(836, 39, 154, 29, '2016-12-12', '07:12:26'),
(837, 434, 116, 29, '2016-11-28', '21:11:16'),
(838, 356, 240, 29, '2017-01-06', '09:01:25'),
(839, 143, 47, 29, '2017-01-11', '14:01:47'),
(840, 390, 294, 29, '2016-12-21', '21:12:52'),
(841, 78, 95, 29, '2016-11-24', '07:11:37'),
(842, 266, 92, 29, '2016-12-25', '00:12:49'),
(843, 141, 265, 29, '2016-12-01', '08:12:36'),
(844, 550, 260, 29, '2016-12-19', '05:12:55'),
(845, 97, 76, 29, '2016-12-04', '08:12:19'),
(846, 43, 93, 29, '2016-12-26', '06:12:28'),
(847, 536, 294, 29, '2016-12-29', '12:12:27'),
(848, 532, 176, 29, '2016-12-22', '18:12:16'),
(849, 1, 50, 29, '2016-12-09', '05:12:45'),
(850, 370, 201, 29, '2016-12-30', '21:12:41'),
(851, 90, 240, 29, '2017-01-02', '05:01:33'),
(852, 91, 209, 29, '2016-11-28', '18:11:44'),
(853, 285, 265, 29, '2016-12-04', '00:12:13'),
(854, 1, 227, 29, '2016-12-15', '00:12:25'),
(855, 434, 218, 29, '2016-11-14', '21:11:46'),
(856, 2, 200, 29, '2017-01-11', '13:01:03'),
(857, 557, 259, 29, '2016-11-23', '20:11:58'),
(858, 280, 124, 30, '2017-01-07', '08:01:45'),
(859, 276, 282, 30, '2016-11-19', '11:11:03'),
(860, 497, 141, 30, '2016-12-28', '17:12:02'),
(861, 201, 20, 30, '2016-12-07', '06:12:01'),
(862, 20, 291, 30, '2016-12-01', '20:12:33'),
(863, 351, 298, 30, '2017-01-06', '13:01:13'),
(864, 86, 249, 30, '2016-12-18', '14:12:46'),
(865, 582, 90, 30, '2016-11-20', '05:11:23'),
(866, 446, 17, 30, '2016-12-22', '19:12:31'),
(867, 13, 220, 30, '2017-01-05', '04:01:01'),
(868, 267, 144, 30, '2016-12-30', '23:12:17'),
(869, 276, 206, 30, '2016-11-27', '19:11:40'),
(870, 363, 99, 30, '2016-12-02', '23:12:29'),
(871, 23, 274, 30, '2016-12-23', '06:12:10'),
(872, 129, 235, 30, '2016-12-14', '01:12:20'),
(873, 99, 212, 30, '2016-11-15', '07:11:31'),
(874, 375, 209, 30, '2016-11-24', '06:11:37'),
(875, 78, 193, 30, '2017-01-06', '22:01:08'),
(876, 393, 144, 30, '2016-12-24', '22:12:03'),
(877, 255, 146, 30, '2016-11-21', '00:11:48'),
(878, 274, 211, 30, '2017-01-12', '07:01:22'),
(879, 306, 15, 30, '2016-12-18', '12:12:32'),
(880, 169, 185, 30, '2016-12-20', '12:12:05'),
(881, 371, 152, 30, '2017-01-09', '17:01:13'),
(882, 124, 20, 30, '2016-12-30', '11:12:14'),
(883, 292, 197, 30, '2016-11-28', '14:11:33'),
(884, 189, 200, 30, '2016-12-08', '06:12:56'),
(885, 572, 286, 30, '2016-11-29', '14:11:26'),
(886, 513, 278, 30, '2016-12-19', '04:12:04'),
(887, 416, 299, 30, '2016-11-21', '18:11:33'),
(888, 411, 33, 30, '2016-12-19', '07:12:55'),
(889, 453, 260, 30, '2016-11-28', '07:11:53'),
(890, 292, 103, 30, '2016-11-27', '02:11:16'),
(891, 208, 74, 31, '2017-01-05', '01:01:33'),
(892, 298, 131, 31, '2016-12-09', '19:12:18'),
(893, 22, 252, 31, '2016-11-21', '04:11:07'),
(894, 24, 164, 31, '2016-12-19', '02:12:45'),
(895, 10, 207, 31, '2016-12-06', '23:12:21'),
(896, 593, 212, 31, '2016-11-27', '18:11:21'),
(897, 388, 291, 31, '2016-12-20', '22:12:46'),
(898, 493, 276, 31, '2017-01-08', '00:01:43'),
(899, 366, 198, 31, '2017-01-05', '13:01:21'),
(900, 198, 271, 31, '2016-12-01', '20:12:00'),
(901, 393, 148, 31, '2016-11-21', '14:11:00'),
(902, 574, 198, 31, '2017-01-09', '08:01:34'),
(903, 252, 169, 31, '2016-12-05', '08:12:16'),
(904, 538, 43, 31, '2017-01-06', '12:01:02'),
(905, 564, 192, 31, '2016-11-16', '04:11:16'),
(906, 502, 218, 31, '2016-12-22', '13:12:14'),
(907, 77, 96, 31, '2016-11-18', '23:11:08'),
(908, 75, 109, 31, '2016-12-04', '15:12:06'),
(909, 517, 59, 31, '2016-11-21', '13:11:19'),
(910, 502, 59, 31, '2016-12-26', '00:12:10'),
(911, 512, 266, 31, '2017-01-04', '03:01:38'),
(912, 506, 252, 31, '2016-12-13', '16:12:15'),
(913, 447, 158, 31, '2016-12-04', '00:12:00'),
(914, 91, 206, 31, '2016-12-17', '06:12:23'),
(915, 341, 115, 31, '2016-11-21', '23:11:38'),
(916, 497, 151, 31, '2016-12-22', '14:12:30'),
(917, 78, 77, 31, '2016-11-21', '03:11:05'),
(918, 462, 241, 31, '2016-12-31', '23:12:48'),
(919, 538, 171, 31, '2017-01-06', '18:01:26'),
(920, 105, 206, 31, '2016-12-24', '00:12:28'),
(921, 232, 256, 31, '2016-11-16', '18:11:24'),
(922, 82, 16, 31, '2017-01-03', '16:01:54'),
(923, 211, 160, 31, '2016-12-24', '18:12:47'),
(924, 406, 87, 31, '2017-01-02', '07:01:33'),
(925, 254, 74, 31, '2016-11-28', '06:11:11'),
(926, 59, 161, 31, '2016-11-29', '02:11:53'),
(927, 562, 189, 32, '2016-12-12', '01:12:19'),
(928, 111, 144, 32, '2017-01-07', '06:01:08'),
(929, 173, 134, 32, '2017-01-05', '01:01:55'),
(930, 330, 131, 32, '2016-11-21', '10:11:46'),
(931, 112, 36, 32, '2016-12-03', '06:12:55'),
(932, 588, 42, 32, '2017-01-04', '16:01:46'),
(933, 167, 260, 32, '2017-01-08', '03:01:01'),
(934, 149, 251, 32, '2016-12-01', '08:12:50'),
(935, 576, 97, 32, '2017-01-06', '14:01:01'),
(936, 387, 232, 32, '2017-01-12', '21:01:47'),
(937, 264, 77, 32, '2016-12-21', '09:12:18'),
(938, 389, 261, 32, '2016-11-23', '09:11:42'),
(939, 574, 289, 32, '2017-01-09', '03:01:32'),
(940, 186, 281, 32, '2016-12-01', '17:12:48'),
(941, 431, 273, 32, '2016-11-14', '05:11:07'),
(942, 311, 130, 32, '2016-12-11', '02:12:20'),
(943, 517, 203, 32, '2016-11-25', '01:11:09'),
(944, 51, 216, 32, '2016-12-08', '02:12:37'),
(945, 72, 56, 32, '2016-12-14', '05:12:14'),
(946, 143, 195, 32, '2017-01-09', '08:01:35'),
(947, 443, 100, 32, '2016-12-29', '12:12:47'),
(948, 10, 102, 33, '2016-11-13', '18:11:14'),
(949, 575, 63, 33, '2017-01-11', '13:01:37'),
(950, 371, 81, 33, '2016-12-30', '16:12:06'),
(951, 533, 250, 33, '2016-11-25', '14:11:46'),
(952, 470, 179, 33, '2016-12-29', '01:12:04'),
(953, 532, 250, 33, '2016-11-19', '16:11:49'),
(954, 326, 212, 33, '2016-11-16', '21:11:00'),
(955, 128, 98, 33, '2016-12-23', '15:12:55'),
(956, 99, 71, 33, '2016-11-17', '20:11:30'),
(957, 174, 277, 33, '2016-12-16', '16:12:36'),
(958, 24, 104, 33, '2016-11-16', '00:11:26'),
(959, 333, 279, 33, '2016-12-12', '15:12:25'),
(960, 399, 111, 33, '2017-01-03', '02:01:08'),
(961, 307, 237, 33, '2017-01-03', '00:01:21'),
(962, 496, 210, 33, '2017-01-04', '13:01:52'),
(963, 2, 280, 33, '2016-12-20', '04:12:34'),
(964, 64, 256, 33, '2016-11-27', '05:11:57'),
(965, 52, 290, 33, '2016-12-03', '18:12:54'),
(966, 472, 222, 33, '2016-12-16', '23:12:32'),
(967, 184, 294, 33, '2016-11-30', '00:11:40'),
(968, 479, 178, 33, '2016-11-22', '06:11:13'),
(969, 161, 68, 33, '2016-12-26', '03:12:08'),
(970, 296, 112, 33, '2016-11-26', '04:11:45'),
(971, 330, 151, 33, '2016-12-13', '20:12:43'),
(972, 240, 202, 33, '2016-11-22', '07:11:15'),
(973, 585, 255, 33, '2017-01-05', '22:01:09'),
(974, 460, 139, 33, '2017-01-07', '19:01:17'),
(975, 469, 166, 33, '2016-12-07', '07:12:45'),
(976, 77, 77, 34, '2016-12-10', '04:12:32'),
(977, 200, 298, 34, '2016-11-13', '19:11:22'),
(978, 47, 38, 34, '2016-12-31', '17:12:36'),
(979, 527, 29, 34, '2017-01-06', '12:01:37'),
(980, 220, 27, 34, '2017-01-08', '20:01:22'),
(981, 512, 144, 34, '2017-01-13', '12:01:20'),
(982, 435, 175, 34, '2016-11-24', '15:11:48'),
(983, 36, 70, 34, '2016-12-26', '12:12:33'),
(984, 451, 72, 34, '2017-01-02', '18:01:38'),
(985, 365, 220, 34, '2016-11-16', '23:11:13'),
(986, 418, 184, 34, '2016-11-18', '18:11:36'),
(987, 220, 26, 34, '2017-01-12', '21:01:22'),
(988, 499, 79, 34, '2016-12-21', '10:12:31'),
(989, 329, 244, 34, '2016-12-30', '20:12:30'),
(990, 556, 50, 34, '2017-01-08', '14:01:03'),
(991, 216, 212, 34, '2016-12-24', '17:12:34'),
(992, 410, 28, 34, '2016-12-19', '20:12:40'),
(993, 90, 212, 34, '2016-12-02', '01:12:31'),
(994, 451, 232, 34, '2016-11-28', '15:11:47'),
(995, 489, 21, 34, '2017-01-02', '00:01:09'),
(996, 293, 47, 34, '2016-11-18', '20:11:35'),
(997, 410, 206, 34, '2016-12-05', '07:12:42'),
(998, 22, 146, 35, '2017-01-11', '01:01:19'),
(999, 98, 77, 35, '2016-11-23', '22:11:40'),
(1000, 356, 36, 35, '2016-12-28', '10:12:48'),
(1001, 550, 127, 35, '2016-11-15', '05:11:40'),
(1002, 567, 127, 35, '2016-12-01', '09:12:27'),
(1003, 197, 27, 35, '2016-12-05', '10:12:39'),
(1004, 248, 197, 35, '2016-11-19', '00:11:35'),
(1005, 197, 124, 35, '2016-12-03', '22:12:15'),
(1006, 321, 43, 35, '2017-01-04', '10:01:10'),
(1007, 516, 38, 35, '2016-11-26', '06:11:55'),
(1008, 544, 176, 35, '2016-12-22', '04:12:15'),
(1009, 36, 296, 35, '2016-11-24', '23:11:50'),
(1010, 400, 180, 35, '2016-11-22', '23:11:53'),
(1011, 275, 91, 35, '2016-12-18', '07:12:48'),
(1012, 420, 131, 35, '2016-12-29', '16:12:41'),
(1013, 526, 38, 35, '2016-12-06', '09:12:15'),
(1014, 190, 225, 35, '2016-12-11', '13:12:42'),
(1015, 493, 24, 35, '2016-12-19', '21:12:45'),
(1016, 265, 275, 35, '2017-01-08', '11:01:10'),
(1017, 187, 227, 35, '2016-12-12', '06:12:48'),
(1018, 478, 125, 35, '2017-01-01', '08:01:23'),
(1019, 22, 197, 35, '2016-12-18', '14:12:31'),
(1020, 18, 74, 35, '2016-11-20', '14:11:44'),
(1021, 194, 117, 35, '2017-01-12', '16:01:05'),
(1022, 273, 175, 35, '2016-12-24', '07:12:15'),
(1023, 82, 65, 35, '2016-12-03', '21:12:14'),
(1024, 102, 118, 35, '2016-12-12', '17:12:10'),
(1025, 568, 68, 35, '2016-12-05', '01:12:46'),
(1026, 282, 254, 35, '2016-12-14', '15:12:55'),
(1027, 153, 130, 35, '2016-12-27', '04:12:51'),
(1028, 300, 62, 35, '2016-12-15', '11:12:47'),
(1029, 546, 51, 35, '2016-11-20', '13:11:59'),
(1030, 290, 192, 36, '2016-11-14', '15:11:46'),
(1031, 10, 24, 36, '2016-12-22', '06:12:06'),
(1032, 410, 94, 36, '2016-11-21', '13:11:51'),
(1033, 299, 26, 36, '2017-01-10', '15:01:34'),
(1034, 249, 218, 36, '2016-12-19', '07:12:03'),
(1035, 169, 250, 36, '2016-12-06', '01:12:53'),
(1036, 7, 264, 36, '2017-01-04', '18:01:59'),
(1037, 144, 132, 36, '2016-11-27', '01:11:34'),
(1038, 366, 64, 36, '2016-11-25', '04:11:15'),
(1039, 13, 67, 36, '2017-01-01', '09:01:08'),
(1040, 360, 36, 36, '2016-12-13', '10:12:57'),
(1041, 155, 91, 36, '2016-11-14', '13:11:27'),
(1042, 247, 41, 36, '2016-11-22', '15:11:45'),
(1043, 551, 62, 36, '2016-11-15', '06:11:27'),
(1044, 545, 183, 36, '2017-01-03', '10:01:35'),
(1045, 130, 201, 36, '2016-12-06', '04:12:39'),
(1046, 417, 127, 36, '2016-12-26', '23:12:54'),
(1047, 409, 79, 36, '2016-12-23', '19:12:14'),
(1048, 170, 122, 36, '2016-12-05', '13:12:23'),
(1049, 60, 65, 36, '2016-12-11', '10:12:04'),
(1050, 6, 214, 36, '2016-12-16', '07:12:43'),
(1051, 344, 122, 36, '2017-01-10', '01:01:19'),
(1052, 477, 17, 36, '2016-12-28', '03:12:05'),
(1053, 120, 247, 36, '2017-01-12', '00:01:31'),
(1054, 5, 130, 36, '2017-01-08', '06:01:12'),
(1055, 297, 76, 36, '2017-01-03', '08:01:42'),
(1056, 298, 188, 36, '2016-12-08', '07:12:56'),
(1057, 426, 230, 36, '2016-12-25', '23:12:39'),
(1058, 555, 275, 36, '2017-01-09', '12:01:01'),
(1059, 302, 195, 36, '2016-11-27', '05:11:39'),
(1060, 174, 255, 36, '2016-12-07', '21:12:31'),
(1061, 144, 220, 36, '2016-11-21', '02:11:50'),
(1062, 570, 297, 36, '2016-12-25', '15:12:11'),
(1063, 223, 279, 36, '2016-11-21', '06:11:04'),
(1064, 65, 81, 36, '2017-01-05', '04:01:22'),
(1065, 389, 51, 37, '2017-01-01', '13:01:42'),
(1066, 202, 107, 37, '2017-01-12', '19:01:02'),
(1067, 202, 30, 37, '2016-11-16', '15:11:43'),
(1068, 334, 173, 37, '2016-11-23', '03:11:19'),
(1069, 35, 285, 37, '2016-11-20', '06:11:58'),
(1070, 394, 102, 37, '2016-11-18', '02:11:03'),
(1071, 146, 292, 37, '2016-11-18', '08:11:43'),
(1072, 284, 97, 37, '2016-11-16', '10:11:08'),
(1073, 350, 36, 37, '2017-01-07', '02:01:46'),
(1074, 196, 68, 37, '2016-12-28', '14:12:55'),
(1075, 90, 177, 37, '2017-01-03', '09:01:38'),
(1076, 565, 84, 37, '2016-12-21', '16:12:06'),
(1077, 215, 124, 37, '2016-12-23', '03:12:19'),
(1078, 197, 132, 37, '2016-12-15', '10:12:15'),
(1079, 162, 149, 37, '2016-12-01', '04:12:58'),
(1080, 367, 256, 37, '2016-12-19', '22:12:39'),
(1081, 105, 278, 37, '2016-12-12', '16:12:37'),
(1082, 587, 287, 37, '2016-12-26', '07:12:27'),
(1083, 306, 159, 37, '2016-12-30', '01:12:44'),
(1084, 274, 168, 37, '2016-12-06', '21:12:44'),
(1085, 512, 176, 37, '2017-01-03', '12:01:29'),
(1086, 323, 45, 37, '2016-11-28', '07:11:38'),
(1087, 247, 40, 37, '2016-11-20', '00:11:01'),
(1088, 112, 16, 37, '2016-11-15', '16:11:16'),
(1089, 126, 300, 37, '2017-01-10', '09:01:36'),
(1090, 342, 160, 37, '2016-12-06', '13:12:21'),
(1091, 457, 116, 37, '2017-01-01', '08:01:47'),
(1092, 448, 161, 37, '2016-12-30', '02:12:49'),
(1093, 559, 47, 37, '2016-12-10', '08:12:17'),
(1094, 359, 35, 37, '2016-11-29', '16:11:17'),
(1095, 65, 60, 38, '2016-11-20', '08:11:42'),
(1096, 405, 188, 38, '2016-12-05', '01:12:44'),
(1097, 42, 199, 38, '2016-12-17', '15:12:41'),
(1098, 303, 83, 38, '2016-11-26', '09:11:17'),
(1099, 471, 66, 38, '2016-11-23', '13:11:21'),
(1100, 359, 187, 38, '2016-12-19', '20:12:09'),
(1101, 474, 243, 38, '2016-12-16', '13:12:17'),
(1102, 8, 184, 38, '2016-11-27', '18:11:17'),
(1103, 101, 100, 38, '2016-12-16', '01:12:13'),
(1104, 42, 119, 38, '2016-12-15', '14:12:09'),
(1105, 74, 210, 38, '2016-11-15', '19:11:01'),
(1106, 372, 68, 38, '2016-11-30', '17:11:37'),
(1107, 475, 70, 38, '2016-12-28', '10:12:12'),
(1108, 77, 250, 38, '2016-11-30', '17:11:09'),
(1109, 569, 14, 38, '2016-12-07', '13:12:35'),
(1110, 106, 77, 38, '2016-11-24', '11:11:50'),
(1111, 502, 29, 38, '2017-01-11', '09:01:58'),
(1112, 425, 258, 38, '2016-11-28', '23:11:32'),
(1113, 62, 274, 38, '2016-11-21', '23:11:19'),
(1114, 58, 74, 38, '2016-12-03', '08:12:04'),
(1115, 492, 269, 38, '2016-12-24', '21:12:27'),
(1116, 551, 216, 39, '2016-12-01', '05:12:04'),
(1117, 48, 145, 39, '2016-11-19', '02:11:29'),
(1118, 90, 298, 39, '2016-12-09', '07:12:34'),
(1119, 112, 70, 39, '2016-12-11', '14:12:48'),
(1120, 243, 234, 39, '2017-01-08', '05:01:07'),
(1121, 358, 295, 39, '2016-11-19', '18:11:01'),
(1122, 592, 166, 39, '2016-12-07', '21:12:11'),
(1123, 455, 171, 39, '2016-11-20', '06:11:03'),
(1124, 365, 60, 39, '2017-01-04', '21:01:15'),
(1125, 13, 185, 39, '2016-11-15', '23:11:16'),
(1126, 305, 105, 39, '2017-01-07', '22:01:22');
INSERT INTO `user_terminal` (`id`, `terminal_id`, `total_power`, `contract_id`, `date`, `time`) VALUES
(1127, 322, 47, 39, '2017-01-13', '07:01:23'),
(1128, 10, 187, 39, '2016-12-24', '05:12:08'),
(1129, 182, 116, 39, '2016-11-23', '00:11:19'),
(1130, 585, 216, 39, '2017-01-09', '13:01:14'),
(1131, 248, 184, 39, '2016-12-26', '10:12:50'),
(1132, 36, 272, 39, '2016-11-26', '14:11:13'),
(1133, 533, 154, 39, '2016-12-02', '02:12:31'),
(1134, 416, 72, 39, '2016-12-17', '10:12:29'),
(1135, 586, 34, 39, '2017-01-10', '22:01:38'),
(1136, 36, 41, 39, '2016-11-23', '03:11:29'),
(1137, 379, 179, 39, '2016-11-27', '11:11:54'),
(1138, 78, 26, 39, '2017-01-05', '18:01:41'),
(1139, 129, 126, 39, '2016-12-25', '15:12:58'),
(1140, 596, 226, 39, '2016-12-24', '11:12:54'),
(1141, 576, 120, 40, '2016-12-06', '13:12:14'),
(1142, 51, 132, 40, '2016-12-17', '21:12:45'),
(1143, 10, 284, 40, '2016-11-26', '18:11:29'),
(1144, 503, 156, 40, '2016-12-24', '08:12:28'),
(1145, 593, 33, 40, '2017-01-02', '00:01:15'),
(1146, 171, 224, 40, '2016-12-30', '14:12:08'),
(1147, 486, 211, 40, '2016-12-03', '04:12:21'),
(1148, 472, 88, 40, '2016-12-22', '03:12:25'),
(1149, 505, 264, 40, '2016-11-20', '17:11:45'),
(1150, 551, 134, 40, '2016-12-02', '05:12:16'),
(1151, 491, 293, 40, '2016-12-25', '06:12:04'),
(1152, 428, 51, 40, '2016-12-03', '04:12:38'),
(1153, 224, 248, 40, '2016-11-23', '12:11:52'),
(1154, 196, 236, 40, '2016-11-23', '22:11:29'),
(1155, 227, 224, 40, '2016-12-28', '06:12:23'),
(1156, 66, 139, 40, '2017-01-05', '09:01:43'),
(1157, 514, 111, 40, '2016-12-07', '21:12:44'),
(1158, 171, 68, 40, '2016-12-28', '05:12:37'),
(1159, 415, 265, 40, '2016-12-27', '15:12:24'),
(1160, 569, 49, 40, '2016-11-22', '07:11:10'),
(1161, 516, 210, 40, '2016-12-15', '12:12:00'),
(1162, 352, 112, 41, '2016-12-28', '17:12:26'),
(1163, 194, 148, 41, '2016-11-24', '04:11:35'),
(1164, 364, 130, 41, '2017-01-10', '22:01:03'),
(1165, 137, 23, 41, '2016-11-27', '12:11:33'),
(1166, 489, 296, 41, '2016-12-11', '06:12:57'),
(1167, 429, 172, 41, '2016-12-10', '17:12:00'),
(1168, 596, 69, 41, '2016-11-13', '17:11:08'),
(1169, 324, 251, 41, '2016-12-31', '18:12:44'),
(1170, 14, 260, 41, '2016-12-13', '09:12:53'),
(1171, 440, 250, 41, '2016-11-15', '08:11:23'),
(1172, 571, 218, 41, '2016-11-28', '22:11:36'),
(1173, 240, 210, 41, '2016-11-28', '08:11:55'),
(1174, 553, 248, 41, '2016-12-24', '14:12:30'),
(1175, 296, 236, 41, '2016-11-18', '23:11:18'),
(1176, 563, 136, 41, '2016-12-26', '05:12:58'),
(1177, 465, 25, 41, '2016-12-09', '10:12:46'),
(1178, 309, 165, 41, '2016-11-21', '16:11:19'),
(1179, 563, 41, 41, '2016-11-17', '15:11:11'),
(1180, 85, 48, 41, '2016-12-09', '19:12:30'),
(1181, 66, 61, 41, '2017-01-08', '20:01:15'),
(1182, 434, 289, 41, '2016-12-30', '13:12:05'),
(1183, 95, 251, 41, '2016-12-02', '01:12:03'),
(1184, 392, 221, 41, '2016-12-12', '09:12:46'),
(1185, 349, 214, 41, '2016-11-19', '16:11:34'),
(1186, 314, 207, 41, '2016-12-29', '13:12:16'),
(1187, 235, 104, 41, '2017-01-04', '10:01:01'),
(1188, 5, 150, 41, '2016-12-20', '09:12:59'),
(1189, 179, 241, 41, '2017-01-12', '03:01:28'),
(1190, 342, 281, 41, '2016-12-12', '14:12:22'),
(1191, 217, 241, 41, '2016-11-19', '01:11:56'),
(1192, 502, 160, 41, '2016-12-04', '06:12:22'),
(1193, 94, 123, 42, '2016-12-01', '12:12:46'),
(1194, 207, 183, 42, '2016-12-13', '08:12:16'),
(1195, 252, 266, 42, '2016-11-21', '19:11:10'),
(1196, 363, 157, 42, '2016-12-16', '13:12:37'),
(1197, 122, 34, 42, '2017-01-10', '07:01:44'),
(1198, 450, 66, 42, '2017-01-11', '21:01:56'),
(1199, 304, 222, 42, '2016-12-28', '11:12:59'),
(1200, 126, 54, 42, '2016-12-12', '06:12:00'),
(1201, 562, 160, 42, '2016-12-08', '20:12:37'),
(1202, 268, 159, 42, '2016-11-23', '03:11:38'),
(1203, 182, 159, 42, '2017-01-13', '03:01:21'),
(1204, 15, 246, 42, '2017-01-08', '17:01:04'),
(1205, 568, 53, 42, '2016-11-18', '01:11:31'),
(1206, 299, 31, 42, '2016-11-22', '00:11:15'),
(1207, 33, 68, 42, '2016-11-13', '17:11:18'),
(1208, 347, 295, 42, '2016-12-29', '14:12:05'),
(1209, 344, 72, 42, '2016-12-02', '04:12:39'),
(1210, 56, 279, 42, '2016-12-16', '09:12:10'),
(1211, 258, 299, 42, '2016-12-03', '08:12:38'),
(1212, 44, 214, 42, '2016-12-13', '10:12:51'),
(1213, 531, 195, 42, '2016-11-16', '23:11:11'),
(1214, 217, 250, 42, '2016-12-29', '22:12:11'),
(1215, 581, 126, 42, '2017-01-13', '02:01:17'),
(1216, 546, 177, 42, '2016-11-28', '10:11:00'),
(1217, 49, 275, 42, '2016-12-14', '10:12:52'),
(1218, 253, 116, 42, '2017-01-11', '01:01:43'),
(1219, 103, 123, 42, '2016-11-19', '07:11:11'),
(1220, 316, 141, 42, '2016-11-14', '02:11:02'),
(1221, 309, 47, 42, '2016-11-15', '13:11:25'),
(1222, 493, 180, 43, '2016-12-02', '00:12:26'),
(1223, 347, 264, 43, '2016-12-19', '04:12:36'),
(1224, 343, 85, 43, '2016-11-27', '21:11:29'),
(1225, 532, 200, 43, '2016-11-29', '18:11:49'),
(1226, 287, 145, 43, '2017-01-03', '21:01:48'),
(1227, 514, 84, 43, '2016-11-14', '15:11:22'),
(1228, 493, 142, 43, '2016-12-29', '20:12:22'),
(1229, 218, 235, 43, '2016-11-20', '14:11:10'),
(1230, 80, 273, 43, '2016-11-16', '07:11:42'),
(1231, 174, 239, 43, '2016-12-29', '00:12:23'),
(1232, 141, 100, 43, '2016-12-06', '13:12:33'),
(1233, 256, 248, 43, '2016-12-10', '08:12:45'),
(1234, 506, 229, 43, '2016-11-23', '07:11:29'),
(1235, 193, 227, 43, '2016-11-18', '10:11:05'),
(1236, 384, 259, 43, '2016-11-16', '06:11:18'),
(1237, 263, 42, 43, '2017-01-04', '23:01:15'),
(1238, 585, 147, 43, '2017-01-05', '21:01:47'),
(1239, 432, 18, 43, '2016-12-11', '21:12:18'),
(1240, 403, 171, 43, '2016-12-05', '07:12:18'),
(1241, 9, 189, 43, '2016-11-22', '01:11:45'),
(1242, 517, 56, 43, '2016-12-15', '16:12:44'),
(1243, 362, 264, 43, '2016-11-26', '14:11:43'),
(1244, 386, 211, 43, '2017-01-06', '10:01:34'),
(1245, 357, 292, 43, '2017-01-11', '22:01:26'),
(1246, 452, 237, 43, '2016-11-27', '04:11:33'),
(1247, 51, 268, 43, '2016-11-28', '17:11:00'),
(1248, 423, 298, 43, '2016-12-22', '16:12:22'),
(1249, 444, 159, 43, '2016-11-16', '19:11:14'),
(1250, 153, 171, 43, '2016-12-28', '13:12:56'),
(1251, 244, 30, 43, '2016-12-02', '00:12:30'),
(1252, 102, 271, 43, '2016-11-16', '07:11:23'),
(1253, 219, 257, 43, '2016-12-29', '13:12:12'),
(1254, 519, 54, 43, '2016-12-17', '21:12:14'),
(1255, 419, 37, 43, '2016-11-28', '23:11:04'),
(1256, 419, 169, 43, '2016-11-24', '21:11:34'),
(1257, 417, 218, 43, '2016-12-10', '00:12:31'),
(1258, 509, 90, 44, '2016-11-18', '19:11:37'),
(1259, 18, 15, 44, '2016-12-07', '06:12:47'),
(1260, 58, 225, 44, '2017-01-11', '10:01:29'),
(1261, 268, 17, 44, '2016-12-24', '06:12:09'),
(1262, 456, 187, 44, '2016-11-17', '01:11:52'),
(1263, 516, 12, 44, '2016-11-19', '15:11:20'),
(1264, 244, 251, 44, '2016-11-24', '04:11:41'),
(1265, 597, 232, 44, '2016-11-24', '08:11:12'),
(1266, 76, 86, 44, '2017-01-08', '06:01:54'),
(1267, 75, 54, 44, '2016-11-26', '02:11:56'),
(1268, 507, 74, 44, '2016-12-02', '09:12:43'),
(1269, 548, 205, 44, '2017-01-09', '07:01:19'),
(1270, 219, 174, 44, '2016-12-12', '01:12:21'),
(1271, 90, 151, 44, '2016-11-24', '15:11:44'),
(1272, 442, 205, 44, '2016-11-27', '23:11:57'),
(1273, 563, 122, 44, '2016-11-26', '05:11:27'),
(1274, 236, 183, 44, '2017-01-06', '13:01:37'),
(1275, 199, 292, 44, '2016-12-01', '20:12:06'),
(1276, 593, 153, 44, '2016-12-19', '02:12:18'),
(1277, 58, 237, 44, '2017-01-13', '01:01:12'),
(1278, 466, 230, 44, '2017-01-12', '06:01:13'),
(1279, 349, 289, 44, '2017-01-09', '18:01:32'),
(1280, 431, 66, 44, '2016-12-21', '15:12:35'),
(1281, 266, 180, 44, '2017-01-05', '03:01:39'),
(1282, 586, 81, 45, '2016-12-01', '14:12:49'),
(1283, 362, 52, 45, '2016-11-19', '06:11:17'),
(1284, 174, 146, 45, '2016-12-14', '08:12:59'),
(1285, 123, 91, 45, '2016-11-29', '14:11:16'),
(1286, 131, 206, 45, '2016-12-09', '09:12:02'),
(1287, 40, 242, 45, '2016-12-06', '03:12:36'),
(1288, 78, 66, 45, '2016-12-18', '19:12:04'),
(1289, 109, 172, 45, '2016-12-25', '17:12:12'),
(1290, 390, 274, 45, '2016-12-24', '10:12:21'),
(1291, 412, 282, 45, '2016-12-31', '11:12:23'),
(1292, 311, 188, 45, '2017-01-13', '07:01:25'),
(1293, 199, 265, 45, '2016-12-22', '23:12:51'),
(1294, 193, 41, 45, '2016-11-21', '01:11:45'),
(1295, 498, 64, 45, '2017-01-09', '19:01:56'),
(1296, 147, 270, 45, '2016-12-31', '23:12:09'),
(1297, 79, 131, 45, '2016-12-24', '09:12:35'),
(1298, 330, 77, 45, '2016-12-30', '08:12:13'),
(1299, 413, 224, 45, '2017-01-05', '02:01:29'),
(1300, 8, 255, 45, '2017-01-04', '18:01:24'),
(1301, 308, 271, 45, '2016-12-22', '21:12:19'),
(1302, 414, 78, 45, '2016-12-16', '12:12:01'),
(1303, 251, 179, 45, '2017-01-09', '18:01:31'),
(1304, 82, 249, 45, '2016-12-17', '15:12:48'),
(1305, 437, 185, 45, '2016-11-29', '13:11:19'),
(1306, 321, 240, 45, '2016-12-07', '08:12:13'),
(1307, 240, 133, 45, '2016-12-17', '16:12:02'),
(1308, 179, 28, 45, '2017-01-03', '15:01:26'),
(1309, 96, 224, 45, '2016-12-04', '17:12:48'),
(1310, 547, 191, 45, '2016-12-01', '00:12:14'),
(1311, 308, 298, 45, '2016-12-22', '17:12:10'),
(1312, 242, 58, 45, '2016-11-26', '18:11:08'),
(1313, 583, 126, 46, '2016-12-18', '16:12:55'),
(1314, 373, 102, 46, '2016-12-30', '00:12:06'),
(1315, 535, 205, 46, '2016-11-24', '11:11:47'),
(1316, 293, 24, 46, '2016-12-15', '22:12:46'),
(1317, 385, 21, 46, '2016-12-25', '06:12:50'),
(1318, 490, 76, 46, '2016-12-13', '07:12:04'),
(1319, 384, 63, 46, '2016-11-26', '19:11:44'),
(1320, 142, 76, 46, '2016-12-30', '01:12:39'),
(1321, 571, 284, 46, '2016-12-20', '11:12:54'),
(1322, 337, 126, 46, '2017-01-08', '15:01:26'),
(1323, 232, 263, 46, '2016-12-24', '17:12:35'),
(1324, 19, 34, 46, '2016-11-18', '00:11:25'),
(1325, 432, 241, 46, '2016-12-28', '10:12:05'),
(1326, 448, 133, 46, '2016-12-06', '22:12:19'),
(1327, 298, 42, 46, '2016-12-14', '06:12:02'),
(1328, 299, 170, 46, '2016-12-31', '07:12:13'),
(1329, 516, 148, 46, '2017-01-03', '14:01:20'),
(1330, 85, 48, 46, '2017-01-13', '13:01:11'),
(1331, 101, 231, 46, '2016-11-29', '13:11:49'),
(1332, 472, 194, 46, '2016-11-30', '22:11:13'),
(1333, 511, 246, 46, '2016-11-20', '22:11:44'),
(1334, 592, 188, 46, '2016-12-06', '02:12:10'),
(1335, 497, 155, 46, '2017-01-10', '05:01:49'),
(1336, 263, 77, 46, '2016-12-10', '08:12:55'),
(1337, 373, 239, 46, '2017-01-08', '02:01:01'),
(1338, 394, 12, 46, '2016-12-27', '19:12:52'),
(1339, 49, 15, 46, '2016-12-07', '09:12:20'),
(1340, 481, 211, 46, '2016-12-08', '18:12:13'),
(1341, 66, 244, 46, '2016-11-28', '07:11:11'),
(1342, 544, 172, 46, '2016-12-05', '16:12:16'),
(1343, 62, 187, 46, '2017-01-05', '15:01:28'),
(1344, 49, 130, 46, '2016-12-19', '13:12:28'),
(1345, 320, 291, 46, '2016-12-30', '18:12:04'),
(1346, 433, 76, 46, '2016-12-08', '13:12:29'),
(1347, 511, 215, 46, '2016-11-20', '16:11:51'),
(1348, 308, 160, 46, '2016-12-22', '06:12:15'),
(1349, 445, 199, 47, '2017-01-08', '03:01:25'),
(1350, 389, 115, 47, '2016-12-30', '14:12:36'),
(1351, 221, 128, 47, '2016-12-20', '09:12:25'),
(1352, 56, 223, 47, '2016-12-21', '22:12:28'),
(1353, 321, 62, 47, '2017-01-07', '19:01:43'),
(1354, 434, 70, 47, '2016-12-30', '11:12:36'),
(1355, 484, 141, 47, '2016-12-19', '08:12:37'),
(1356, 513, 251, 47, '2016-12-19', '16:12:52'),
(1357, 476, 269, 47, '2016-12-06', '21:12:20'),
(1358, 69, 125, 47, '2016-11-19', '01:11:05'),
(1359, 59, 162, 47, '2016-12-14', '12:12:58'),
(1360, 21, 292, 47, '2017-01-09', '18:01:51'),
(1361, 408, 189, 47, '2016-12-04', '05:12:29'),
(1362, 72, 58, 47, '2017-01-11', '07:01:17'),
(1363, 70, 269, 47, '2017-01-03', '13:01:24'),
(1364, 322, 258, 47, '2016-11-28', '20:11:08'),
(1365, 126, 260, 47, '2016-12-30', '04:12:44'),
(1366, 158, 66, 47, '2017-01-05', '12:01:52'),
(1367, 551, 179, 47, '2016-12-24', '06:12:32'),
(1368, 450, 115, 47, '2016-12-29', '14:12:41'),
(1369, 335, 144, 47, '2016-12-28', '05:12:09'),
(1370, 542, 150, 47, '2016-12-08', '19:12:56'),
(1371, 185, 119, 47, '2017-01-09', '07:01:00'),
(1372, 157, 233, 47, '2017-01-10', '16:01:35'),
(1373, 95, 42, 47, '2016-12-25', '16:12:10'),
(1374, 374, 121, 47, '2016-12-29', '14:12:38'),
(1375, 209, 86, 47, '2016-11-21', '03:11:31'),
(1376, 519, 202, 47, '2016-12-23', '17:12:58'),
(1377, 490, 21, 47, '2016-11-14', '15:11:44'),
(1378, 551, 297, 47, '2016-12-04', '04:12:11'),
(1379, 503, 282, 47, '2017-01-12', '03:01:02'),
(1380, 476, 145, 47, '2016-12-09', '08:12:12'),
(1381, 389, 27, 47, '2016-11-22', '09:11:28'),
(1382, 377, 29, 47, '2016-11-15', '19:11:47'),
(1383, 250, 177, 47, '2016-12-07', '15:12:14'),
(1384, 420, 61, 48, '2016-12-02', '13:12:27'),
(1385, 166, 188, 48, '2016-12-14', '10:12:00'),
(1386, 591, 261, 48, '2016-12-14', '04:12:16'),
(1387, 71, 273, 48, '2016-12-30', '23:12:01'),
(1388, 337, 110, 48, '2016-12-12', '13:12:01'),
(1389, 222, 297, 48, '2016-12-26', '19:12:10'),
(1390, 583, 122, 48, '2016-12-05', '20:12:36'),
(1391, 192, 96, 48, '2016-12-29', '04:12:33'),
(1392, 450, 248, 48, '2016-12-23', '06:12:50'),
(1393, 519, 45, 48, '2016-12-14', '17:12:30'),
(1394, 107, 128, 48, '2017-01-04', '04:01:33'),
(1395, 583, 156, 48, '2016-11-28', '19:11:21'),
(1396, 529, 184, 48, '2017-01-06', '16:01:28'),
(1397, 344, 14, 48, '2016-12-01', '16:12:48'),
(1398, 565, 228, 48, '2016-12-16', '08:12:16'),
(1399, 550, 279, 48, '2016-12-09', '14:12:57'),
(1400, 321, 199, 48, '2016-11-21', '05:11:22'),
(1401, 305, 69, 48, '2016-11-28', '10:11:18'),
(1402, 62, 164, 48, '2016-12-06', '09:12:23'),
(1403, 517, 193, 48, '2016-12-10', '10:12:17'),
(1404, 368, 204, 48, '2017-01-11', '01:01:30'),
(1405, 30, 80, 48, '2016-11-21', '22:11:46'),
(1406, 315, 182, 48, '2016-12-03', '08:12:47'),
(1407, 245, 118, 48, '2016-12-16', '05:12:07'),
(1408, 291, 92, 48, '2017-01-09', '03:01:36'),
(1409, 408, 92, 48, '2016-12-17', '01:12:17'),
(1410, 500, 204, 49, '2016-12-31', '00:12:24'),
(1411, 365, 130, 49, '2016-12-12', '03:12:32'),
(1412, 199, 232, 49, '2016-11-29', '03:11:03'),
(1413, 178, 86, 49, '2016-12-25', '04:12:58'),
(1414, 460, 165, 49, '2016-12-24', '22:12:08'),
(1415, 378, 250, 49, '2017-01-02', '21:01:11'),
(1416, 412, 126, 49, '2016-11-16', '21:11:08'),
(1417, 9, 98, 49, '2016-12-18', '17:12:54'),
(1418, 209, 279, 49, '2016-11-25', '06:11:54'),
(1419, 270, 186, 49, '2016-12-02', '00:12:50'),
(1420, 9, 219, 49, '2016-12-09', '00:12:19'),
(1421, 124, 223, 49, '2016-12-15', '01:12:39'),
(1422, 248, 96, 49, '2016-12-24', '13:12:46'),
(1423, 43, 263, 49, '2016-11-14', '22:11:41'),
(1424, 80, 32, 49, '2016-12-25', '16:12:46'),
(1425, 440, 224, 49, '2017-01-09', '21:01:06'),
(1426, 87, 292, 49, '2016-12-13', '04:12:37'),
(1427, 437, 112, 49, '2016-11-22', '20:11:17'),
(1428, 362, 149, 49, '2016-11-15', '23:11:49'),
(1429, 5, 20, 49, '2017-01-05', '13:01:52'),
(1430, 510, 120, 49, '2017-01-07', '05:01:44'),
(1431, 462, 197, 49, '2016-11-24', '17:11:40'),
(1432, 561, 168, 49, '2016-12-10', '22:12:28'),
(1433, 279, 239, 49, '2016-11-25', '10:11:27'),
(1434, 234, 95, 49, '2016-11-23', '13:11:03'),
(1435, 5, 277, 49, '2016-11-29', '20:11:15'),
(1436, 389, 129, 49, '2016-12-24', '01:12:21'),
(1437, 417, 74, 49, '2016-12-08', '17:12:31'),
(1438, 52, 30, 49, '2016-12-17', '18:12:25'),
(1439, 82, 234, 49, '2016-11-28', '10:11:26'),
(1440, 301, 75, 49, '2016-11-22', '14:11:43'),
(1441, 114, 264, 49, '2016-12-06', '18:12:14'),
(1442, 132, 199, 49, '2016-11-30', '12:11:19'),
(1443, 462, 244, 50, '2016-11-24', '08:11:25'),
(1444, 207, 293, 50, '2016-12-31', '08:12:23'),
(1445, 455, 217, 50, '2016-12-17', '01:12:08'),
(1446, 1, 246, 50, '2016-11-23', '04:11:44'),
(1447, 437, 55, 50, '2016-11-19', '18:11:25'),
(1448, 334, 14, 50, '2016-12-06', '00:12:21'),
(1449, 134, 122, 50, '2016-12-11', '00:12:25'),
(1450, 267, 85, 50, '2016-11-22', '22:11:54'),
(1451, 15, 101, 50, '2017-01-06', '05:01:53'),
(1452, 317, 180, 50, '2017-01-05', '23:01:39'),
(1453, 274, 164, 50, '2016-11-17', '08:11:40'),
(1454, 105, 220, 50, '2017-01-13', '11:01:41'),
(1455, 384, 207, 50, '2016-12-03', '14:12:46'),
(1456, 302, 98, 50, '2016-12-03', '18:12:25'),
(1457, 259, 183, 50, '2017-01-07', '04:01:31'),
(1458, 237, 216, 50, '2017-01-05', '12:01:03'),
(1459, 407, 71, 50, '2016-12-31', '20:12:21'),
(1460, 549, 226, 50, '2016-11-29', '06:11:24'),
(1461, 332, 139, 50, '2016-12-17', '14:12:02'),
(1462, 355, 277, 50, '2016-12-06', '15:12:01'),
(1463, 556, 94, 50, '2016-12-06', '13:12:31'),
(1464, 400, 55, 50, '2016-12-14', '13:12:42'),
(1465, 244, 56, 50, '2016-11-16', '14:11:16'),
(1466, 94, 289, 51, '2016-12-05', '18:12:35'),
(1467, 81, 218, 51, '2016-12-21', '07:12:24'),
(1468, 213, 253, 51, '2016-12-13', '10:12:32'),
(1469, 203, 138, 51, '2016-11-22', '19:11:18'),
(1470, 519, 286, 51, '2016-12-30', '01:12:34'),
(1471, 207, 25, 51, '2016-12-20', '10:12:53'),
(1472, 434, 33, 51, '2016-11-22', '05:11:58'),
(1473, 594, 37, 51, '2016-12-08', '00:12:37'),
(1474, 385, 60, 51, '2016-11-20', '11:11:15'),
(1475, 454, 276, 51, '2017-01-02', '12:01:56'),
(1476, 504, 280, 51, '2017-01-11', '10:01:50'),
(1477, 358, 275, 51, '2016-12-18', '05:12:41'),
(1478, 190, 300, 51, '2016-12-24', '16:12:41'),
(1479, 277, 218, 51, '2016-11-27', '06:11:26'),
(1480, 247, 228, 51, '2017-01-09', '18:01:14'),
(1481, 424, 144, 51, '2016-12-31', '08:12:46'),
(1482, 104, 176, 51, '2016-12-24', '10:12:47'),
(1483, 242, 256, 51, '2017-01-09', '06:01:50'),
(1484, 169, 165, 51, '2016-12-29', '09:12:50'),
(1485, 287, 226, 51, '2016-12-15', '22:12:53'),
(1486, 471, 55, 51, '2016-11-27', '14:11:21'),
(1487, 135, 250, 51, '2016-12-14', '00:12:57'),
(1488, 546, 160, 51, '2016-11-24', '17:11:20'),
(1489, 407, 75, 51, '2016-11-24', '01:11:54'),
(1490, 80, 173, 51, '2016-11-16', '21:11:02'),
(1491, 292, 139, 51, '2016-12-28', '08:12:56'),
(1492, 211, 294, 51, '2016-11-26', '23:11:07'),
(1493, 583, 36, 51, '2016-12-29', '17:12:24'),
(1494, 478, 205, 51, '2016-12-15', '08:12:19'),
(1495, 252, 138, 51, '2016-12-02', '22:12:35'),
(1496, 536, 73, 51, '2016-12-25', '05:12:06'),
(1497, 468, 49, 51, '2016-12-10', '16:12:57'),
(1498, 583, 32, 51, '2016-12-29', '11:12:06'),
(1499, 359, 65, 51, '2016-12-24', '02:12:54'),
(1500, 556, 86, 51, '2016-12-27', '04:12:46'),
(1501, 245, 34, 51, '2016-12-05', '21:12:49'),
(1502, 540, 219, 51, '2016-12-03', '05:12:43'),
(1503, 140, 195, 51, '2016-11-27', '13:11:58'),
(1504, 511, 248, 51, '2016-11-25', '17:11:46'),
(1505, 225, 276, 51, '2016-12-20', '19:12:21'),
(1506, 567, 216, 52, '2016-11-15', '01:11:27'),
(1507, 227, 284, 52, '2016-12-27', '17:12:31'),
(1508, 228, 228, 52, '2016-12-27', '00:12:59'),
(1509, 575, 243, 52, '2017-01-13', '03:01:03'),
(1510, 557, 92, 52, '2017-01-01', '15:01:23'),
(1511, 208, 227, 52, '2017-01-07', '14:01:32'),
(1512, 556, 274, 52, '2016-12-14', '15:12:15'),
(1513, 100, 285, 52, '2016-12-25', '06:12:20'),
(1514, 17, 260, 52, '2016-11-29', '18:11:54'),
(1515, 347, 178, 52, '2016-12-01', '04:12:28'),
(1516, 126, 281, 52, '2017-01-07', '20:01:37'),
(1517, 448, 247, 52, '2016-12-27', '21:12:38'),
(1518, 436, 30, 52, '2016-12-19', '00:12:53'),
(1519, 33, 47, 52, '2016-11-15', '13:11:08'),
(1520, 590, 36, 52, '2016-12-25', '18:12:13'),
(1521, 475, 17, 52, '2016-12-30', '00:12:06'),
(1522, 575, 282, 52, '2016-11-27', '08:11:55'),
(1523, 410, 62, 52, '2016-11-28', '03:11:22'),
(1524, 583, 111, 52, '2016-12-06', '22:12:49'),
(1525, 372, 199, 52, '2016-12-22', '15:12:19'),
(1526, 234, 274, 52, '2017-01-05', '04:01:49'),
(1527, 488, 292, 52, '2016-12-01', '11:12:55'),
(1528, 549, 105, 52, '2016-12-17', '04:12:42'),
(1529, 110, 296, 52, '2016-12-12', '13:12:07'),
(1530, 334, 285, 52, '2016-12-01', '12:12:22'),
(1531, 523, 232, 52, '2016-12-29', '12:12:08'),
(1532, 346, 234, 52, '2017-01-03', '05:01:46'),
(1533, 499, 192, 52, '2017-01-12', '20:01:03'),
(1534, 448, 100, 52, '2016-12-14', '13:12:22'),
(1535, 235, 268, 52, '2016-12-11', '08:12:33'),
(1536, 543, 224, 52, '2016-11-28', '18:11:20'),
(1537, 402, 66, 52, '2016-12-19', '14:12:43'),
(1538, 217, 264, 52, '2016-12-31', '03:12:38'),
(1539, 130, 115, 52, '2016-12-23', '16:12:08'),
(1540, 3, 109, 52, '2016-12-29', '03:12:05'),
(1541, 148, 254, 52, '2016-12-15', '03:12:23'),
(1542, 484, 126, 52, '2016-12-17', '09:12:58'),
(1543, 430, 30, 52, '2017-01-13', '04:01:37'),
(1544, 28, 222, 52, '2017-01-04', '02:01:01'),
(1545, 402, 272, 52, '2016-11-19', '16:11:48'),
(1546, 104, 82, 53, '2016-11-18', '19:11:53'),
(1547, 331, 72, 53, '2017-01-05', '18:01:00'),
(1548, 58, 278, 53, '2016-11-18', '06:11:49'),
(1549, 393, 285, 53, '2016-12-15', '00:12:42'),
(1550, 80, 13, 53, '2016-12-09', '07:12:19'),
(1551, 525, 107, 53, '2016-12-12', '16:12:12'),
(1552, 410, 155, 53, '2017-01-11', '05:01:47'),
(1553, 499, 39, 53, '2016-11-23', '03:11:19'),
(1554, 558, 211, 53, '2016-12-29', '19:12:18'),
(1555, 52, 35, 53, '2017-01-10', '13:01:22'),
(1556, 86, 226, 53, '2017-01-08', '18:01:17'),
(1557, 281, 244, 53, '2016-12-27', '12:12:36'),
(1558, 424, 66, 53, '2016-12-29', '03:12:58'),
(1559, 475, 53, 53, '2016-12-13', '14:12:37'),
(1560, 413, 120, 53, '2016-11-17', '10:11:02'),
(1561, 372, 60, 53, '2016-11-19', '17:11:45'),
(1562, 225, 261, 53, '2016-11-24', '16:11:32'),
(1563, 470, 62, 53, '2016-12-13', '19:12:37'),
(1564, 72, 148, 53, '2016-12-07', '02:12:18'),
(1565, 287, 140, 53, '2016-11-26', '08:11:46'),
(1566, 462, 85, 53, '2017-01-09', '00:01:09'),
(1567, 448, 115, 53, '2016-11-16', '22:11:40'),
(1568, 271, 144, 53, '2017-01-10', '16:01:40'),
(1569, 90, 180, 53, '2017-01-09', '23:01:15'),
(1570, 397, 123, 53, '2017-01-01', '21:01:01'),
(1571, 78, 80, 53, '2016-11-30', '02:11:24'),
(1572, 25, 245, 53, '2016-12-07', '23:12:59'),
(1573, 76, 241, 54, '2017-01-12', '07:01:01'),
(1574, 575, 137, 54, '2016-11-29', '15:11:31'),
(1575, 179, 228, 54, '2016-12-17', '00:12:31'),
(1576, 552, 109, 54, '2016-12-25', '04:12:15'),
(1577, 485, 36, 54, '2016-11-16', '20:11:57'),
(1578, 315, 24, 54, '2016-11-25', '06:11:08'),
(1579, 178, 96, 54, '2016-11-15', '23:11:16'),
(1580, 388, 98, 54, '2016-11-15', '10:11:43'),
(1581, 453, 25, 54, '2017-01-02', '17:01:42'),
(1582, 376, 41, 54, '2016-11-21', '09:11:30'),
(1583, 293, 274, 54, '2016-11-30', '11:11:28'),
(1584, 87, 97, 54, '2016-12-25', '02:12:56'),
(1585, 62, 191, 54, '2016-12-30', '18:12:02'),
(1586, 132, 65, 54, '2016-12-16', '04:12:30'),
(1587, 560, 41, 54, '2016-12-22', '14:12:31'),
(1588, 535, 290, 54, '2016-11-23', '13:11:40'),
(1589, 239, 30, 54, '2016-12-27', '17:12:46'),
(1590, 485, 259, 54, '2016-11-26', '09:11:24'),
(1591, 117, 213, 54, '2016-11-16', '09:11:22'),
(1592, 468, 224, 54, '2016-11-15', '09:11:02'),
(1593, 465, 14, 54, '2016-12-28', '02:12:07'),
(1594, 179, 101, 54, '2016-12-29', '15:12:48'),
(1595, 365, 33, 54, '2016-12-11', '05:12:27'),
(1596, 73, 286, 54, '2017-01-03', '14:01:11'),
(1597, 32, 118, 54, '2017-01-01', '23:01:00'),
(1598, 166, 228, 54, '2016-12-27', '06:12:22'),
(1599, 27, 168, 54, '2017-01-03', '22:01:51'),
(1600, 97, 133, 54, '2017-01-12', '04:01:40'),
(1601, 363, 54, 54, '2016-11-16', '11:11:17'),
(1602, 149, 122, 54, '2016-12-30', '19:12:06'),
(1603, 208, 169, 54, '2016-12-22', '15:12:27'),
(1604, 363, 53, 54, '2016-12-17', '22:12:08'),
(1605, 597, 228, 54, '2016-12-21', '01:12:09'),
(1606, 267, 132, 54, '2016-12-22', '02:12:00'),
(1607, 92, 68, 54, '2016-11-28', '12:11:17');

--
-- Index pour les tables exportées
--

--
-- Index pour la table `contracts`
--
ALTER TABLE `contracts`
  ADD PRIMARY KEY (`id`);

--
-- Index pour la table `station`
--
ALTER TABLE `station`
  ADD PRIMARY KEY (`id`);

--
-- Index pour la table `terminal`
--
ALTER TABLE `terminal`
  ADD PRIMARY KEY (`id`);

--
-- Index pour la table `users`
--
ALTER TABLE `users`
  ADD PRIMARY KEY (`id`);

--
-- Index pour la table `user_terminal`
--
ALTER TABLE `user_terminal`
  ADD PRIMARY KEY (`id`);

--
-- AUTO_INCREMENT pour les tables exportées
--

--
-- AUTO_INCREMENT pour la table `contracts`
--
ALTER TABLE `contracts`
  MODIFY `id` int(11) NOT NULL AUTO_INCREMENT,AUTO_INCREMENT=55;
--
-- AUTO_INCREMENT pour la table `station`
--
ALTER TABLE `station`
  MODIFY `id` int(11) NOT NULL AUTO_INCREMENT,AUTO_INCREMENT=201;
--
-- AUTO_INCREMENT pour la table `terminal`
--
ALTER TABLE `terminal`
  MODIFY `id` int(11) NOT NULL AUTO_INCREMENT,AUTO_INCREMENT=598;
--
-- AUTO_INCREMENT pour la table `users`
--
ALTER TABLE `users`
  MODIFY `id` int(11) NOT NULL AUTO_INCREMENT,AUTO_INCREMENT=41;
--
-- AUTO_INCREMENT pour la table `user_terminal`
--
ALTER TABLE `user_terminal`
  MODIFY `id` int(11) NOT NULL AUTO_INCREMENT,AUTO_INCREMENT=1608;
/*!40101 SET CHARACTER_SET_CLIENT=@OLD_CHARACTER_SET_CLIENT */;
/*!40101 SET CHARACTER_SET_RESULTS=@OLD_CHARACTER_SET_RESULTS */;
/*!40101 SET COLLATION_CONNECTION=@OLD_COLLATION_CONNECTION */;
